Date,Date Value,Open,High,Low,Close,Adj Close,Volume
2014-10-23,41935,25.09,25.27,25.09,25.25,22.707819,7400
2014-10-24,41936,25.139999,25.190001,25.139999,25.190001,22.653858,15200
2014-10-27,41939,25.028,25.028,25.028,25.028,22.508169,300
2014-10-28,41940,25.440001,25.51,25.440001,25.51,22.941643,3800
2014-10-29,41941,25.66,25.67,25.66,25.67,23.085535,13600
2014-10-30,41942,25.389999,25.389999,25.389999,25.389999,22.833723,100
2014-10-31,41943,25.5,25.75,25.5,25.75,23.15748,10100
2014-11-03,41946,26.049999,26.049999,26.049999,26.049999,23.427273,200
2014-11-04,41947,25.5,25.5,25.5,25.5,22.932652,2500
2014-11-05,41948,25.639999,25.639999,25.639999,25.639999,23.058554,300
2014-11-06,41949,25.559999,25.559999,25.559999,25.559999,22.986607,200
2014-11-07,41950,25.459999,25.459999,25.459999,25.459999,22.896677,100
2014-11-10,41953,25.459999,25.459999,25.459999,25.459999,22.896677,0
2014-11-11,41954,25.76,25.76,25.76,25.76,23.16647,200
2014-11-12,41955,25.25,25.25,25.25,25.25,22.707819,1000
2014-11-13,41956,25.25,25.25,25.25,25.25,22.707819,0
2014-11-14,41957,25.25,25.25,25.25,25.25,22.707819,0
2014-11-17,41960,25.25,25.25,25.25,25.25,22.707819,0
2014-11-18,41961,26.58,26.58,26.000999,26.190001,23.553179,2200
2014-11-19,41962,26.200001,26.200001,26.200001,26.200001,23.562174,200
2014-11-20,41963,26.200001,26.200001,26.200001,26.200001,23.562174,0
2014-11-21,41964,26.540001,26.540001,26.455999,26.49,23.822973,1000
2014-11-24,41967,27.34,27.34,26.809999,26.85,24.146732,3500
2014-11-25,41968,27.1,27.1,27.1,27.1,24.371561,200
2014-11-26,41969,27.26,27.292,27.26,27.292,24.544228,400
2014-11-28,41971,27.33,27.33,27.33,27.33,24.578405,100
2014-12-01,41974,28.01,28.01,27.370001,27.370001,24.614378,300
2014-12-02,41975,27.149,27.149,27.149,27.149,24.415628,100
2014-12-03,41976,27.08,27.08,27.08,27.08,24.353571,400
2014-12-04,41977,27.025,27.025,26.950001,26.950001,24.236664,300
2014-12-05,41978,29,29,27.26,27.26,24.515453,300
2014-12-08,41981,27.1,27.1,27.1,27.1,24.371561,100
2014-12-09,41982,26.799999,26.799999,26.799999,26.799999,24.101761,200
2014-12-10,41983,26.84,26.84,26.664,26.664,23.979458,1100
2014-12-11,41984,26.709999,26.709999,26.709999,26.709999,24.020824,100
2014-12-12,41985,26.41,26.41,26.41,26.41,23.751028,200
2014-12-15,41988,24.4,25.659,24.4,25.620001,23.040567,500
2014-12-16,41989,25.870001,26.24,25.870001,26.24,23.598145,700
2014-12-17,41990,26.25,26.25,26.1,26.1,23.472244,600
2014-12-18,41991,26.5,26.5,26.5,26.5,23.831972,1100
2014-12-19,41992,26.450001,26.450001,26.450001,26.450001,23.787004,100
2014-12-22,41995,26.59,26.608,26.59,26.608,23.929096,300
2014-12-23,41996,26.610001,26.620001,26.610001,26.620001,23.939886,400
2014-12-24,41997,26.708,26.708,26.664,26.664,23.979458,200
2014-12-26,41999,26.75,26.75,26.6,26.6,23.921902,500
2014-12-29,42002,26.48,26.549999,26.48,26.549999,23.876934,1200
2014-12-30,42003,26.163,26.163,26.163,26.163,23.528898,100
2014-12-31,42004,26.163,26.163,26.163,26.163,23.528898,0
2015-01-02,42006,26.163,26.163,26.163,26.163,23.528898,0
2015-01-05,42009,25.85,25.85,24.879999,24.879999,22.375071,2700
2015-01-06,42010,24.879999,24.879999,24.879999,24.879999,22.375071,0
2015-01-07,42011,24.879999,24.879999,24.879999,24.879999,22.375071,100
2015-01-08,42012,25.440001,25.58,25.440001,25.58,23.004593,1200
2015-01-09,42013,25.58,25.58,25.58,25.58,23.004593,0
2015-01-12,42016,26,26,25.290001,25.450001,22.887684,1900
2015-01-13,42017,25.82,25.841999,25.530001,25.530001,22.959631,1800
2015-01-14,42018,25.530001,25.530001,25.530001,25.530001,22.959631,0
2015-01-15,42019,25.955,25.955,25.747,25.747,23.154779,400
2015-01-16,42020,25.864,26.120001,25.864,26.120001,23.490231,1500
2015-01-20,42024,26.209999,26.209999,26.169001,26.177,23.541489,900
2015-01-21,42025,26.200001,26.200001,26.091999,26.091999,23.465046,600
2015-01-22,42026,26.209999,26.440001,26.177999,26.32,23.670092,93600
2015-01-23,42027,26.870001,26.870001,26.23,26.23,23.589153,106100
2015-01-26,42030,26.459999,26.91,26.459999,26.85,24.146732,14900
2015-01-27,42031,26.66,26.768999,26.579,26.669001,23.983953,11500
2015-01-28,42032,26.679001,26.825001,26.5,26.5,23.831972,8000
2015-01-29,42033,26.48,27,26.48,26.973,24.257345,35300
2015-01-30,42034,26.98,26.98,26.407,26.5,23.831972,19800
2015-02-02,42037,27.059999,27.15,26.85,27.129999,24.398539,11700
2015-02-03,42038,27.889999,27.889999,27.389999,27.667999,24.882372,52300
2015-02-04,42039,27.67,27.67,27.030001,27.139999,24.407532,80800
2015-02-05,42040,27.200001,27.797001,27.200001,27.559999,24.785246,7300
2015-02-06,42041,27.360001,27.360001,26.732,26.83,24.128742,30600
2015-02-09,42044,26.32,26.6,26.32,26.549999,23.876934,20300
2015-02-10,42045,26.768999,26.806999,26.559999,26.799999,24.101761,7600
2015-02-11,42046,26.757999,26.757999,26.653,26.653,23.969564,1200
2015-02-12,42047,26.99,27.530001,26.98,27.530001,24.758266,15200
2015-02-13,42048,28,28,27.43,27.549999,24.776255,56200
2015-02-17,42052,27.879999,27.879999,27.200001,27.372999,24.617075,57100
2015-02-18,42053,27.389999,27.42,27.290001,27.42,24.659344,1700
2015-02-19,42054,27.337999,27.57,27.337999,27.459999,24.695316,6400
2015-02-20,42055,27.27,27.944,27.27,27.860001,25.055044,22200
2015-02-23,42058,28.030001,28.030001,27.66,27.74,24.947126,18000
2015-02-24,42059,27.860001,28.02,27.67,27.972,25.155766,32800
2015-02-25,42060,27.98,28.030001,27.85,28.030001,25.207928,20100
2015-02-26,42061,27.9,27.950001,27.809999,27.841999,25.038855,11600
2015-02-27,42062,28.01,28.110001,27.796,28.021,25.199831,15800
2015-03-02,42065,28.559999,28.559999,27.784,28.129999,25.297859,37700
2015-03-03,42066,28.59,28.59,27.74,27.799999,25.001083,9400
2015-03-04,42067,27.58,27.83,27.441,27.799999,25.001083,8700
2015-03-05,42068,27.917999,27.950001,27.77,27.809999,25.010077,15900
2015-03-06,42069,28.040001,28.040001,27.4,27.49,24.722296,12300
2015-03-09,42072,28.190001,28.190001,27.540001,27.709999,24.920147,10500
2015-03-10,42073,27.690001,27.690001,27.040001,27.110001,24.380552,12700
2015-03-11,42074,27.42,27.540001,27.24,27.41,24.650347,25700
2015-03-12,42075,28.040001,28.040001,27.450001,27.74,24.947126,32300
2015-03-13,42076,27.799999,27.799999,27.200001,27.549999,24.776255,41400
2015-03-16,42079,27.82,28.450001,27.82,28.4,25.540676,100800
2015-03-17,42080,28.469999,28.469999,27.851,27.940001,25.126989,112000
2015-03-18,42081,27.93,28.35,27.76,28.35,25.495712,48500
2015-03-19,42082,28.370001,28.370001,27.67,27.780001,24.983099,31600
2015-03-20,42083,28.27,28.73,28.27,28.65,25.765507,57100
2015-03-23,42086,28.65,28.65,28.42,28.629999,25.74752,20800
2015-03-24,42087,28.5,28.83,28.5,28.74,25.846445,7300
2015-03-25,42088,29.18,29.18,28.530001,28.59,25.711548,38000
2015-03-26,42089,28.5,28.5,28.07,28.41,25.549669,22900
2015-03-27,42090,28.41,28.49,28.229,28.450001,25.585642,35900
2015-03-30,42093,28.93,28.93,28.48,28.76,25.864429,13700
2015-03-31,42094,28.33,28.4,28.1,28.219999,25.378798,30100
2015-04-01,42095,28.41,28.49,28.219999,28.459999,25.594637,63900
2015-04-02,42096,28.639999,29.200001,28.559999,28.65,25.765507,68700
2015-04-06,42100,28.629999,28.969999,28.629999,28.9,25.990335,39600
2015-04-07,42101,29.15,29.15,28.673,28.673,25.786192,23200
2015-04-08,42102,28.9,28.9,28.450001,28.618,25.736727,15700
2015-04-09,42103,28.870001,28.870001,28.459999,28.545,25.671076,18300
2015-04-10,42104,28.52,28.860001,28.52,28.860001,25.954363,27700
2015-04-13,42107,28.959999,28.959999,28.5,28.57,25.69356,25900
2015-04-14,42108,28.84,28.84,28.614,28.690001,25.801481,14900
2015-04-15,42109,28.83,28.83,28.51,28.690001,25.801481,20900
2015-04-16,42110,28.66,28.66,28.15,28.299999,25.450745,18000
2015-04-17,42111,28.049999,28.049999,27.533001,27.721001,24.930038,30400
2015-04-20,42114,27.719999,28.15,27.719999,27.98,25.162958,9900
2015-04-21,42115,28.1,28.26,28.1,28.219999,25.378798,20300
2015-04-22,42116,28.139999,28.139999,27.799999,28.08,25.252893,13600
2015-04-23,42117,27.870001,28.049999,27.6,27.92,25.109003,274700
2015-04-24,42118,27.948999,28.188,27.85,28.110001,25.279873,26300
2015-04-27,42121,28.309999,28.812,28.309999,28.6,25.720539,33100
2015-04-28,42122,28.74,28.74,28.280001,28.33,25.477724,256500
2015-04-29,42123,28.07,28.18,27.799999,27.9,25.091015,24200
2015-04-30,42124,28.143999,28.18,27.900999,27.900999,25.091915,10600
2015-05-01,42125,28.290001,28.360001,28.129999,28.24,25.396786,9500
2015-05-04,42128,28.58,28.58,28.34,28.34,25.486717,18400
2015-05-05,42129,28.42,28.42,27.73,27.74,24.947126,259700
2015-05-06,42130,28.030001,28.309999,27.986,28.18,25.342827,5000
2015-05-07,42131,28.34,28.34,28.02,28.065001,25.239407,11400
2015-05-08,42132,28.52,28.83,28.52,28.74,25.846445,12800
2015-05-11,42135,28.66,28.66,28.326,28.326,25.474127,4600
2015-05-12,42136,28.139999,28.25,28.09,28.194,25.355417,5100
2015-05-13,42137,28.440001,28.440001,28.049999,28.09,25.261885,3100
2015-05-14,42138,28.389999,28.82,28.389999,28.790001,25.891409,6100
2015-05-15,42139,28.67,28.73,28.41,28.73,25.83745,10400
2015-05-18,42142,28.5,28.809999,28.5,28.75,25.855438,12400
2015-05-19,42143,28.959999,28.959999,28.719999,28.82,25.91839,10200
2015-05-20,42144,28.93,28.93,28.610001,28.77,25.873425,5400
2015-05-21,42145,28.879999,28.879999,28.788,28.809999,25.909397,1200
2015-05-22,42146,28.379999,28.549999,28.374001,28.454,25.589237,6500
2015-05-26,42150,28.120001,28.120001,27.51,27.51,24.740284,41300
2015-05-27,42151,27.559999,28.049999,27.51,28.009001,25.189043,13800
2015-05-28,42152,27.870001,27.889999,27.75,27.83,25.028065,4900
2015-05-29,42153,27.799999,27.799999,27.33,27.389999,24.632362,6800
2015-06-01,42156,27.530001,27.530001,27.030001,27.347,24.593695,4800
2015-06-02,42157,27.469999,27.75,27.403,27.6,24.821218,9900
2015-06-03,42158,28.08,28.211,27.889999,28.07,25.243902,14500
2015-06-04,42159,28.040001,28.040001,27.59,27.690001,24.902157,30600
2015-06-05,42160,27.57,27.57,27.021,27.146999,24.413826,18600
2015-06-08,42163,27.190001,27.254,27.052,27.075001,24.349077,5500
2015-06-09,42164,26.75,27.07,26.73,26.99,24.272636,12600
2015-06-10,42165,27.33,27.9,27.33,27.85,25.046055,6900
2015-06-11,42166,28.15,28.15,27.700001,27.799999,25.001083,31600
2015-06-12,42167,27.58,27.58,27.200001,27.540001,24.76726,3200
2015-06-15,42170,27.469999,27.469999,26.77,27.110001,24.380552,22100
2015-06-16,42171,27.18,27.18,26.91,27.09,24.362566,18200
2015-06-17,42172,27.35,27.35,26.75,26.99,24.272636,4300
2015-06-18,42173,27.15,28.014999,27.15,27.6,24.821218,10300
2015-06-19,42174,27.67,27.67,27.181999,27.309999,24.560417,19000
2015-06-22,42177,28.43,28.528,28.16,28.360001,25.504702,16700
2015-06-23,42178,28.82,28.82,28.146999,28.146999,25.313147,17100
2015-06-24,42179,27.959999,27.959999,27.556,27.556,25.024361,12700
2015-06-25,42180,27.58,27.764,27.562,27.672001,25.129709,256700
2015-06-26,42181,28.030001,28.030001,27.67,27.75,25.200541,256200
2015-06-29,42184,26.9,27.139999,26.389999,26.690001,24.237926,274700
2015-06-30,42185,26.83,26.899,26.370001,26.481001,24.048126,31700
2015-07-01,42186,27.190001,27.190001,26.57,26.6,24.156195,10400
2015-07-02,42187,27,27,26.542999,26.59,24.147112,11500
2015-07-06,42191,26.27,26.27,25.827999,26.059999,23.665806,18400
2015-07-07,42192,25.48,26.040001,25.290001,26.030001,23.638561,28300
2015-07-08,42193,25.52,25.733,25.52,25.59,23.238987,7700
2015-07-09,42194,26,26.299999,26,26.143999,23.742088,12100
2015-07-10,42195,27.5,27.5,27.209999,27.42,24.90086,59400
2015-07-13,42198,27.889999,27.889999,27.23,27.34,24.828211,40800
2015-07-14,42199,27.280001,27.417999,27.280001,27.379999,24.864532,2500
2015-07-15,42200,27.280001,27.379999,27.148001,27.27,24.764639,18500
2015-07-16,42201,27.68,27.73,27.52,27.52,24.991673,66600
2015-07-17,42202,27.450001,27.450001,27.336,27.403999,24.88633,1400
2015-07-20,42205,27.360001,27.74,27.360001,27.450001,24.928106,32300
2015-07-21,42206,27.440001,27.440001,27.33,27.41,24.891775,4900
2015-07-22,42207,27.25,27.25,26.801001,27.139999,24.646582,24900
2015-07-23,42208,27.200001,27.27,27.16,27.195,24.696527,1500
2015-07-24,42209,27.110001,27.120001,26.719999,26.719999,24.265169,9900
2015-07-27,42212,26.629999,26.66,26.34,26.41,23.983652,7200
2015-07-28,42213,26.76,26.799999,26.6,26.74,24.283333,6200
2015-07-29,42214,26.860001,26.860001,26.629999,26.67,24.219765,14200
2015-07-30,42215,26.690001,26.690001,26.290001,26.5,24.065384,3600
2015-07-31,42216,26.799999,26.93,26.75,26.75,24.292414,15600
2015-08-03,42219,26.870001,27.1,26.870001,26.959999,24.483118,2200
2015-08-04,42220,27.01,27.16,26.995001,26.995001,24.514906,1900
2015-08-05,42221,27.35,27.354,27.24,27.299999,24.791883,1800
2015-08-06,42222,27.209999,27.34,27.209999,27.25,24.746479,3800
2015-08-07,42223,27.17,27.25,27.097,27.25,24.746479,1800
2015-08-10,42226,27.42,27.59,26.879999,27.59,25.055241,6900
2015-08-11,42227,27.16,27.16,26.872,26.950001,24.474041,5800
2015-08-12,42228,26.719999,26.719999,26.330999,26.66,24.21068,23700
2015-08-13,42229,26.780001,26.780001,26.440001,26.549999,24.110786,17100
2015-08-14,42230,26.450001,26.486,26.389,26.486,24.052668,2800
2015-08-17,42233,26.200001,26.299999,26.049999,26.299999,23.883753,4500
2015-08-18,42234,26.1,26.1,25.92,25.972,23.585892,7300
2015-08-19,42235,25.49,25.73,25.49,25.73,23.366123,1200
2015-08-20,42236,25.370001,25.52,24.99,25,22.703192,31800
2015-08-21,42237,24.860001,25.233999,24.497999,24.552,22.296349,6200
2015-08-24,42240,23.35,24.610001,22.85,24.219999,21.994848,18700
2015-08-25,42241,24.780001,25.115999,24.32,24.360001,22.12199,36600
2015-08-26,42242,24.826,24.879999,24.450001,24.84,22.557888,9500
2015-08-27,42243,25.040001,25.190001,24.966,25.083,22.778563,2100
2015-08-28,42244,24.950001,24.950001,24.716999,24.879999,22.594213,14000
2015-08-31,42247,24.67,24.874001,24.610001,24.874001,22.588768,1900
2015-09-01,42248,24.4,24.4,24.120001,24.24,22.01301,17200
2015-09-02,42249,24.440001,24.476,24.440001,24.469999,22.22188,1400
2015-09-03,42250,24.799999,24.799999,24.59,24.59,22.330856,2600
2015-09-04,42251,24.128,24.149,24.01,24.129999,21.913118,8500
2015-09-08,42255,24.66,24.931999,24.66,24.93,22.639622,4600
2015-09-09,42256,25.32,25.32,24.841999,24.841999,22.559706,3100
2015-09-10,42257,24.84,24.9,24.695,24.9,22.612373,1000
2015-09-11,42258,24.754,24.816999,24.754,24.816999,22.537003,400
2015-09-14,42261,24.77,24.841,24.68,24.841,22.558798,1600
2015-09-15,42262,24.76,24.902,24.76,24.902,22.614193,1200
2015-09-16,42263,25.01,25.01,24.940001,24.950001,22.657785,1500
2015-09-17,42264,25.15,25.43,24.950001,25.43,23.093687,1900
2015-09-18,42265,24.4,24.43,24.15,24.15,21.93128,3100
2015-09-21,42268,24.110001,24.139999,23.952,23.952,21.751472,4100
2015-09-22,42269,23.35,23.35,22.981001,23.15,21.023151,19200
2015-09-23,42270,23.42,23.42,23.061001,23.23,21.095802,3500
2015-09-24,42271,22.870001,23.16,22.813999,23.049999,20.932341,12700
2015-09-25,42272,23.48,23.48,23.200001,23.228001,21.093988,9200
2015-09-28,42275,23.01,23.059999,22.83,22.889999,20.787043,4500
2015-09-29,42276,22.77,23.030001,22.77,22.993999,20.881483,2000
2015-09-30,42277,23.33,23.43,23.209999,23.267,21.129406,1100
2015-10-01,42278,23.360001,23.360001,22.790001,23.01,20.896017,46000
2015-10-02,42279,22.940001,23.43,22.93,23.43,21.277431,1100
2015-10-05,42282,23.796,23.870001,23.67,23.85,21.65884,5800
2015-10-06,42283,23.84,24.09,23.84,24.079,21.866806,4200
2015-10-07,42284,24.360001,24.379999,24.205999,24.23,22.003931,2800
2015-10-08,42285,24.247,24.52,24.240999,24.466999,22.219158,10400
2015-10-09,42286,24.74,24.76,24.620001,24.690001,22.421671,6600
2015-10-12,42289,24.700001,24.780001,24.700001,24.780001,22.503405,800
2015-10-13,42290,24.52,24.658001,24.52,24.65,22.385344,1600
2015-10-14,42291,24.700001,24.700001,24.43,24.493999,22.243673,700
2015-10-15,42292,24.57,24.698999,24.57,24.698999,22.429846,1600
2015-10-16,42293,24.77,24.77,24.65,24.763,22.487961,900
2015-10-19,42296,24.879999,24.879999,24.719999,24.83,22.548807,1700
2015-10-20,42297,24.874001,24.879,24.806999,24.809999,22.530645,1400
2015-10-21,42298,25.1,25.1,24.879999,24.881001,22.595121,5600
2015-10-22,42299,25.200001,25.311001,25.200001,25.311001,22.985617,2500
2015-10-23,42300,25.700001,25.780001,25.629999,25.74,23.375206,21200
2015-10-26,42303,25.84,25.84,25.700001,25.700001,23.338877,2500
2015-10-27,42304,25.66,25.66,25.42,25.42,23.084604,1500
2015-10-28,42305,25.59,25.92,25.577,25.6,23.248066,3500
2015-10-29,42306,25.59,25.59,25.42,25.448,23.110031,1200
2015-10-30,42307,25.804001,25.804001,25.641001,25.641001,23.285301,1900
2015-11-02,42310,25.959999,26.033001,25.959999,25.993999,23.605867,900
2015-11-03,42311,25.889999,25.9,25.73,25.809999,23.438774,2600
2015-11-04,42312,25.780001,25.780001,25.35,25.360001,23.030115,8200
2015-11-05,42313,25.620001,25.620001,25.42,25.52,23.175417,2700
2015-11-06,42314,25.559999,25.559999,25.474001,25.49,23.148172,1300
2015-11-09,42317,25.42,25.42,25.066,25.162001,22.850309,2900
2015-11-10,42318,25,25.110001,24.959999,25.110001,22.803085,1600
2015-11-11,42319,25.41,25.41,25.18,25.18,22.866652,2500
2015-11-12,42320,25.07,25.08,24.959999,24.959999,22.666862,2500
2015-11-13,42321,24.700001,24.768999,24.700001,24.768999,22.493412,800
2015-11-16,42324,24.77,24.83,24.77,24.83,22.548807,3000
2015-11-17,42325,25.122999,25.122999,24.93,24.93,22.639622,1200
2015-11-18,42326,25.040001,25.23,25.040001,25.23,22.912058,4700
2015-11-19,42327,25.43,25.613001,25.43,25.6,23.248066,1000
2015-11-20,42328,25.780001,25.780001,25.462,25.462,23.122744,1200
2015-11-23,42331,25.370001,25.370001,25.302999,25.302999,22.978352,1100
2015-11-24,42332,25.139999,25.139999,25.139999,25.139999,22.830326,200
2015-11-25,42333,25.52,25.559999,25.52,25.559999,23.211742,1400
2015-11-27,42335,25.9,25.9,25.74,25.83,23.456936,4100
2015-11-30,42338,25.91,25.91,25.91,25.91,23.529585,200
2015-12-01,42339,25.969999,25.969999,25.75,25.85,23.475098,4700
2015-12-02,42340,25.76,25.76,25.5,25.5,23.157257,2800
2015-12-03,42341,25.58,25.58,25.195999,25.195999,22.881182,40000
2015-12-04,42342,25.299999,25.441,25.139999,25.441,23.103674,1400
2015-12-07,42345,25.559999,25.559999,25.4,25.43,23.093687,1700
2015-12-08,42346,25.139999,25.139999,25.07,25.07,22.76676,2100
2015-12-09,42347,25.02,25.16,24.865,24.969999,22.675945,3900
2015-12-10,42348,24.969999,24.969999,24.969999,24.969999,22.675945,0
2015-12-11,42349,24.65,24.65,24.5,24.5,22.249126,1500
2015-12-14,42352,24.4,24.41,24.219999,24.219999,21.994848,12700
2015-12-15,42353,24.652,24.652,24.652,24.652,22.387161,200
2015-12-16,42354,24.799999,25.02,24.799999,25.02,22.721352,12100
2015-12-17,42355,25.17,25.17,24.969999,24.969999,22.675945,1200
2015-12-18,42356,24.709999,24.709999,24.709999,24.709999,22.439833,100
2015-12-21,42359,24.76,25.174999,24.700001,24.700001,22.430752,2500
2015-12-22,42360,24.855,24.855,24.809999,24.84,22.557888,1300
2015-12-23,42361,25.15,25.200001,25.059999,25.200001,22.957829,3500
2015-12-24,42362,25.129999,25.190001,25.120001,25.17,22.930498,1100
2015-12-28,42366,25.02,25.190001,25.02,25.190001,22.948721,11600
2015-12-29,42367,25.4,25.537001,25.4,25.537001,23.264845,2700
2015-12-30,42368,25.43,25.43,25.07,25.07,22.839396,800
2015-12-31,42369,25.02,25.02,24.719999,24.889999,22.675413,5600
2016-01-04,42373,24.43,24.43,23.784,23.99,21.85549,5600
2016-01-05,42374,23.969999,23.969999,23.690001,23.85,21.727945,5100
2016-01-06,42375,23.48,23.631001,23.42,23.58,21.481966,2400
2016-01-07,42376,23.309999,23.395,23.16,23.16,21.099339,4200
2016-01-08,42377,23.25,23.25,22.92,22.940001,20.898911,4600
2016-01-11,42380,23.190001,23.278,22.966,23.120001,21.062897,10100
2016-01-12,42381,23.379999,23.440001,23.32,23.4,21.317982,1800
2016-01-13,42382,23.49,23.49,22.85,22.913,20.874313,7900
2016-01-14,42383,22.868999,23.209999,22.83,23.07,21.017345,6400
2016-01-15,42384,22.51,22.554001,22.1,22.26,20.279413,2600
2016-01-19,42388,22.719999,22.719999,22.441,22.58,20.570944,3200
2016-01-20,42389,22.15,22.195,22.030001,22.17,20.197422,2800
2016-01-21,42390,22.34,22.51,22.07,22.42,20.42518,900
2016-01-22,42391,22.801001,22.818001,22.801001,22.818001,20.787769,600
2016-01-25,42394,22.82,22.82,22.6,22.6,20.589163,1000
2016-01-26,42395,22.969999,23.040001,22.938,22.959,20.91622,2400
2016-01-27,42396,23.09,23.09,23.084,23.084,21.030102,700
2016-01-28,42397,22.700001,22.790001,22.629999,22.75,20.725819,5400
2016-01-29,42398,22.84,22.84,22.84,22.84,20.80781,500
2016-02-01,42401,22.809999,22.950001,22.73,22.85,20.816919,14000
2016-02-02,42402,22.530001,22.551001,22.524,22.524,20.519926,400
2016-02-03,42403,22.52,22.52,22.392,22.469999,20.47073,800
2016-02-04,42404,22.379999,22.608,22.379999,22.608,20.596451,1000
2016-02-05,42405,22.368999,22.368999,22.200001,22.200001,20.224756,500
2016-02-08,42408,21.809999,21.809999,21.471001,21.559999,19.641697,3900
2016-02-09,42409,21.290001,21.75,21.290001,21.629999,19.705467,8500
2016-02-10,42410,21.77,21.882,21.77,21.882,19.935045,900
2016-02-11,42411,21.51,21.525,21.4,21.462999,19.553329,3200
2016-02-12,42412,21.684,21.719999,21.684,21.719999,19.787462,1000
2016-02-16,42416,21.719999,21.719999,21.719999,21.719999,19.787462,100
2016-02-17,42417,22.370001,22.506001,22.370001,22.48,20.479839,2300
2016-02-18,42418,22.77,22.77,22.559999,22.639999,20.625607,1600
2016-02-19,42419,22.51,22.51,22.32,22.429001,20.43338,900
2016-02-22,42422,22.629999,22.716,22.629999,22.67,20.652935,4300
2016-02-23,42423,22.459999,22.459999,22.450001,22.450001,20.452511,5000
2016-02-24,42424,21.860001,22.02,21.715,22.02,20.06077,500
2016-02-25,42425,22.02,22.02,22.02,22.02,20.06077,0
2016-02-26,42426,22.459999,22.459999,22.35,22.35,20.361408,2900
2016-02-29,42429,22.41,22.41,22.08,22.139999,20.170092,1000
2016-03-01,42430,22.690001,22.790001,22.690001,22.790001,20.762259,3400
2016-03-02,42431,22.629999,22.65,22.610001,22.610001,20.598274,2900
2016-03-03,42432,22.875,23.040001,22.85,23.040001,20.990019,600
2016-03-04,42433,23.25,23.280001,23.16,23.219999,21.153999,900
2016-03-07,42436,23,23.049999,22.98,23.049999,20.999125,2500
2016-03-08,42437,23.077999,23.077999,22.92,22.92,20.880693,5100
2016-03-09,42438,23,23.040001,22.99,22.99,20.944464,2100
2016-03-10,42439,23.275,23.4,22.855,22.879999,20.84425,3600
2016-03-11,42440,23.450001,23.719999,23.450001,23.719999,21.609512,3600
2016-03-14,42443,23.700001,23.809999,23.700001,23.809999,21.691504,2300
2016-03-15,42444,23.52,23.695999,23.52,23.695999,21.587643,1900
2016-03-16,42445,23.6,24.049999,23.6,23.969999,21.837267,2800
2016-03-17,42446,23.99,24.09,23.809999,24.09,21.946592,3000
2016-03-18,42447,24.1,24.1,24.052999,24.052999,21.912882,2200
2016-03-21,42450,24.049999,24.049999,23.99,23.99,21.85549,1800
2016-03-22,42451,23.790001,24.09,23.790001,23.99,21.85549,6500
2016-03-23,42452,24.091,24.097,24.091,24.097,21.952969,1100
2016-03-24,42453,23.73,23.73,23.65,23.65,21.545742,1200
2016-03-28,42457,23.604,23.690001,23.604,23.690001,21.582182,2100
2016-03-29,42458,23.747,23.747,23.747,23.747,21.634109,200
2016-03-30,42459,24.360001,24.532,24.34,24.440001,22.26545,2400
2016-03-31,42460,24.4,24.4,24.299999,24.299999,22.137905,3500
2016-04-01,42461,23.82,23.99,23.82,23.99,21.85549,2300
2016-04-04,42464,24.089001,24.089001,23.98,24.004,21.868242,1200
2016-04-05,42465,23.395,23.395,23.26,23.261,21.191351,3800
2016-04-06,42466,23.299999,23.68,23.299999,23.59,21.491081,4300
2016-04-07,42467,23.379999,23.4,23.379999,23.4,21.317982,800
2016-04-08,42468,23.67,23.67,23.511999,23.559999,21.463749,1200
2016-04-11,42471,23.74,23.74,23.74,23.74,21.627731,1200
2016-04-12,42472,23.66,23.66,23.549999,23.549999,21.454638,1200
2016-04-13,42473,24.120001,24.23,24.120001,24.23,22.074135,4700
2016-04-14,42474,24.35,24.35,24.34,24.35,22.183456,400
2016-04-15,42475,24.280001,24.306,24.219999,24.23,22.074135,1800
2016-04-18,42478,24.396999,24.549999,24.379999,24.549999,22.365662,3100
2016-04-19,42479,25.059999,25.177,25.059999,25.15,22.912275,2400
2016-04-20,42480,25.200001,25.26,25.200001,25.26,23.012489,1600
2016-04-21,42481,25,25.209999,25,25.16,22.921389,400
2016-04-22,42482,24.98,24.98,24.92,24.92,22.702742,800
2016-04-25,42485,24.809999,24.85,24.68,24.85,22.638971,3400
2016-04-26,42486,24.82,24.889999,24.82,24.82,22.611639,1200
2016-04-27,42487,24.85,24.9,24.85,24.9,22.684521,500
2016-04-28,42488,24.9,24.9,24.9,24.9,22.684521,0
2016-04-29,42489,24.65,24.681999,24.65,24.681999,22.48592,600
2016-05-02,42492,24.889999,25.030001,24.889999,24.98,22.757404,5800
2016-05-03,42493,24.559999,24.559999,24.5,24.540001,22.356554,2400
2016-05-04,42494,24.27,24.302999,24.120001,24.136,21.988499,1400
2016-05-05,42495,23.959999,24.079,23.92,23.940001,21.809938,2000
2016-05-06,42496,24.097,24.15,24.097,24.15,22.001251,500
2016-05-09,42499,24.4,24.440001,24.24,24.24,22.083242,4600
2016-05-10,42500,24.389999,24.448999,24.370001,24.440001,22.26545,3200
2016-05-11,42501,24.370001,24.370001,24.35,24.360001,22.192566,2400
2016-05-12,42502,23.92,24.016001,23.92,24.016001,21.879175,1000
2016-05-13,42503,23.870001,23.896999,23.811001,23.82,21.700615,2700
2016-05-16,42506,23.91,23.91,23.91,23.91,21.782606,200
2016-05-17,42507,23.922001,23.989,23.719999,23.719999,21.609512,1800
2016-05-18,42508,23.719999,23.719999,23.719999,23.719999,21.609512,0
2016-05-19,42509,23.450001,23.450001,23.389999,23.395,21.313429,700
2016-05-20,42510,23.65,23.67,23.639999,23.639999,21.536631,700
2016-05-23,42513,23.5,23.540001,23.5,23.540001,21.44553,700
2016-05-24,42514,23.68,23.969,23.68,23.969,21.836357,2500
2016-05-25,42515,24.261999,24.261999,24.25,24.261,22.102375,900
2016-05-26,42516,24.465,24.465,24.465,24.465,22.288225,300
2016-05-27,42517,24.4,24.4,24.370001,24.4,22.22901,1300
2016-05-31,42521,24.469999,24.530001,24.309999,24.309999,22.147017,1100
2016-06-01,42522,24.32,24.32,24.309999,24.309999,22.147017,500
2016-06-02,42523,24.309999,24.309999,24.309999,24.309999,22.147017,0
2016-06-03,42524,24.309999,24.309999,24.309999,24.309999,22.147017,0
2016-06-06,42527,24.5,24.535999,24.5,24.535999,22.352905,1400
2016-06-07,42528,24.82,24.861,24.82,24.85,22.638971,9500
2016-06-08,42529,24.799999,24.889999,24.799999,24.889999,22.675413,1200
2016-06-09,42530,24.25,24.349001,24.25,24.349001,22.182547,1600
2016-06-10,42531,23.650999,23.650999,23.450001,23.455999,21.369001,3600
2016-06-13,42534,23.299999,23.299999,23.139999,23.16,21.099339,900
2016-06-14,42535,23,23,22.75,22.83,20.798702,5400
2016-06-15,42536,23.07,23.07,22.98,22.98,20.935354,2900
2016-06-16,42537,22.59,23.09,22.48,23.09,21.035568,6400
2016-06-17,42538,23.27,23.330999,23.1,23.330999,21.255123,2700
2016-06-20,42541,24.469999,24.469999,23.931999,23.931999,21.802647,5000
2016-06-21,42542,24.17,24.289,24,24.25,22.092356,1400
2016-06-22,42543,24.295,24.299999,24.115999,24.120001,22.090525,2000
2016-06-23,42544,24.440001,24.929001,24.440001,24.929001,22.831451,5700
2016-06-24,42545,22.34,22.879999,22.24,22.41,20.524403,50700
2016-06-27,42548,22.08,22.08,21.51,21.780001,19.947412,10600
2016-06-28,42549,22.58,22.58,22.159,22.43,20.542723,23500
2016-06-29,42550,22.629999,22.712,22.5,22.610001,20.707577,8900
2016-06-30,42551,22.719999,22.917999,22.591,22.916,20.987827,5700
2016-07-01,42552,22.940001,23.16,22.940001,23.014999,21.078499,4500
2016-07-05,42556,22.43,22.434999,22.254,22.254,20.381531,5300
2016-07-06,42557,21.91,22.190001,21.790001,22.190001,20.322916,6200
2016-07-07,42558,22.165001,22.27,22.02,22.02,20.167219,2500
2016-07-08,42559,22.530001,22.549999,22.500999,22.549999,20.652622,800
2016-07-11,42562,22.940001,23.028,22.940001,22.973,21.040033,5000
2016-07-12,42563,23.4,23.434,23.290001,23.299999,21.339518,5700
2016-07-13,42564,23.530001,23.530001,23.309999,23.337999,21.374321,3600
2016-07-14,42565,23.639999,23.747999,23.639999,23.73,21.733335,1800
2016-07-15,42566,23.57,23.57,23.559999,23.559999,21.577641,600
2016-07-18,42569,23.469999,23.58,23.469999,23.58,21.595959,1100
2016-07-19,42570,23.278,23.312,23.23,23.26,21.302885,2000
2016-07-20,42571,23.559999,23.67,23.559999,23.620001,21.632595,1600
2016-07-21,42572,23.799999,23.799999,23.59,23.620001,21.632595,400
2016-07-22,42573,23.59,23.59,23.59,23.59,21.605116,500
2016-07-25,42576,23.82,23.82,23.643,23.690001,21.696705,1900
2016-07-26,42577,23.9,23.9,23.75,23.885,21.875298,3100
2016-07-27,42578,24.02,24.129999,23.969999,24.129999,22.09968,2300
2016-07-28,42579,24.309999,24.309999,24.191,24.209999,22.172949,2600
2016-07-29,42580,24.455999,24.455999,24.42,24.42,22.36528,700
2016-08-01,42583,24.26,24.450001,24.26,24.32,22.273695,4500
2016-08-02,42584,24.209999,24.209999,24.09,24.09,22.063047,700
2016-08-03,42585,23.99,24.083,23.99,24.083,22.056639,1700
2016-08-04,42586,24.1,24.1,24.054001,24.08,22.053888,1100
2016-08-05,42587,24.190001,24.34,24.190001,24.329,22.281937,2400
2016-08-08,42590,24.469999,24.469999,24.42,24.42,22.36528,2100
2016-08-09,42591,24.5,25.1,24.5,25.063,22.95418,13900
2016-08-10,42592,25.200001,25.200001,25.15,25.15,23.033861,2600
2016-08-11,42593,25.24,25.375,25.24,25.26,23.134604,5900
2016-08-12,42594,25.309999,25.309999,25.24,25.24,23.116285,2700
2016-08-15,42597,25.42,25.42,25.35,25.360001,23.226191,2400
2016-08-16,42598,25.290001,25.49,25.290001,25.42,23.281139,6000
2016-08-17,42599,25.25,25.309,25.040001,25.285,23.157499,3800
2016-08-18,42600,25.290001,25.41,25.290001,25.41,23.271982,2900
2016-08-19,42601,25.226999,25.309,25.226999,25.25,23.125446,1900
2016-08-22,42604,25.25,25.25,25.25,25.25,23.125446,0
2016-08-23,42605,25.34,25.34,25.34,25.34,23.20787,200
2016-08-24,42606,25.41,25.41,25.23,25.24,23.116285,1400
2016-08-25,42607,25.1,25.1,25.040001,25.062,22.953262,1300
2016-08-26,42608,25.129999,25.290001,24.809999,24.809999,22.722466,4800
2016-08-29,42611,24.860001,24.959999,24.860001,24.959999,22.859844,800
2016-08-30,42612,25.059999,25.16,25.059999,25.07,22.96059,2700
2016-08-31,42613,24.98,24.98,24.98,24.98,22.87816,300
2016-09-01,42614,25.01,25.01,25.01,25.01,22.905638,300
2016-09-02,42615,25.209999,25.209999,25.174999,25.190001,23.070494,1800
2016-09-06,42619,25.139999,25.48,25.139999,25.4,23.262821,3200
2016-09-07,42620,25.450001,25.528999,25.450001,25.528999,23.380968,1200
2016-09-08,42621,25.41,25.445,25.392,25.392,23.255499,800
2016-09-09,42622,25.104,25.104,24.9,24.9,22.804893,400
2016-09-12,42625,24.58,24.799999,24.58,24.799999,22.713308,1100
2016-09-13,42626,24.959999,24.959999,24.639999,24.646,22.572268,3100
2016-09-14,42627,24.58,24.75,24.58,24.75,22.667515,3100
2016-09-15,42628,24.6,24.857,24.6,24.790001,22.704147,4400
2016-09-16,42629,24.299999,24.309,24.219999,24.219999,22.182108,7800
2016-09-19,42632,24.41,24.444,24.41,24.42,22.36528,2000
2016-09-20,42633,24.577,24.577,24.577,24.577,22.509069,500
2016-09-21,42634,24.635,24.84,24.58,24.84,22.749943,9300
2016-09-22,42635,25.25,25.431999,25.25,25.273001,23.146509,2600
2016-09-23,42636,25.15,25.15,25.15,25.15,23.033861,500
2016-09-26,42639,24.743999,24.77,24.700001,24.700001,22.621721,1300
2016-09-27,42640,24.438,24.629,24.423,24.629,22.556696,3800
2016-09-28,42641,24.864,24.864,24.75,24.76,22.676672,1100
2016-09-29,42642,24.85,24.85,24.417,24.417,22.362535,3900
2016-09-30,42643,24.620001,25,24.620001,25,22.896479,9800
2016-10-03,42646,24.790001,24.84,24.784,24.84,22.749943,3100
2016-10-04,42647,25.139999,25.139999,24.889999,24.962999,22.862593,1300
2016-10-05,42648,25.040001,25.120001,25.040001,25.089001,22.977993,3700
2016-10-06,42649,24.85,24.993999,24.85,24.959999,22.859844,3100
2016-10-07,42650,24.75,24.799999,24.67,24.799999,22.713308,900
2016-10-10,42653,25.030001,25.035,25.01,25.01,22.905638,2000
2016-10-11,42654,24.77,24.83,24.68,24.68,22.603407,1200
2016-10-12,42655,24.488001,24.5,24.488001,24.5,22.438549,5300
2016-10-13,42656,24.08,24.43,24.08,24.389999,22.337807,5200
2016-10-14,42657,24.656,24.656,24.559999,24.59,22.520979,3600
2016-10-17,42660,24.42,24.42,24.41,24.41,22.356121,1200
2016-10-18,42661,24.66,24.66,24.65,24.66,22.585089,400
2016-10-19,42662,24.66,24.66,24.66,24.66,22.585089,200
2016-10-20,42663,24.51,24.709999,24.51,24.709999,22.63088,800
2016-10-21,42664,24.559999,24.631001,24.559999,24.610001,22.539299,1600
2016-10-24,42667,25.01,25.01,24.719999,24.719999,22.640039,4000
2016-10-25,42668,24.780001,24.780001,24.73,24.73,22.649197,4000
2016-10-26,42669,24.610001,24.610001,24.610001,24.610001,22.539299,300
2016-10-27,42670,24.694,24.695999,24.690001,24.690001,22.612562,800
2016-10-28,42671,24.639999,24.719999,24.639999,24.700001,22.621721,1000
2016-10-31,42674,24.65,24.73,24.6,24.709999,22.63088,1200
2016-11-01,42675,24.709999,24.709999,24.709999,24.709999,22.63088,0
2016-11-02,42676,24.42,24.42,24.32,24.344999,22.296591,1700
2016-11-03,42677,24.246,24.254,24.17,24.17,22.136316,3200
2016-11-04,42678,24.09,24.1,24.02,24.02,21.998938,500
2016-11-07,42681,24.34,24.440001,24.304001,24.4,22.346962,2700
2016-11-08,42682,24.559999,24.559999,24.52,24.530001,22.466028,1100
2016-11-09,42683,24.296,24.610001,24.296,24.59,22.520979,900
2016-11-10,42684,24.75,24.75,24.360001,24.474001,22.41474,4600
2016-11-11,42685,24.41,24.537001,24.41,24.440001,22.383596,2700
2016-11-14,42688,24.139999,24.295,24.139999,24.24,22.200428,4800
2016-11-15,42689,24.120001,24.323,24.120001,24.27,22.227901,2100
2016-11-16,42690,24.040001,24.040001,24.040001,24.040001,22.017258,500
2016-11-17,42691,24.049999,24.139999,24.035,24.059999,22.035572,4100
2016-11-18,42692,23.950001,23.950001,23.84,23.879999,21.870718,1200
2016-11-21,42695,24.110001,24.110001,23.948,23.98,21.962303,6100
2016-11-22,42696,23.98,23.98,23.98,23.98,21.962303,0
2016-11-23,42697,23.860001,23.860001,23.700001,23.781,21.780048,5700
2016-11-25,42699,23.809999,23.809999,23.809999,23.809999,21.806604,1100
2016-11-28,42702,23.74,23.74,23.68,23.690001,21.696705,1300
2016-11-29,42703,23.646,23.914,23.610001,23.914,21.901855,1800
2016-11-30,42704,23.799999,23.825001,23.780001,23.780001,21.779131,900
2016-12-01,42705,23.620001,23.65,23.6,23.6,21.614277,6300
2016-12-02,42706,23.68,23.690001,23.67,23.690001,21.696705,900
2016-12-05,42709,23.950001,24.341999,23.950001,24.323,22.276443,17200
2016-12-06,42710,24.35,24.416,24.35,24.41,22.356121,6900
2016-12-07,42711,24.690001,25.18,24.690001,25.18,23.061333,4400
2016-12-08,42712,25,25.08,25,25.049999,22.94227,4400
2016-12-09,42713,24.98,25.040001,24.940001,25.039,22.932199,5000
2016-12-12,42716,25,25.097,25,25.097,22.985317,1200
2016-12-13,42717,25.24,25.379999,25.24,25.323,23.192303,2200
2016-12-14,42718,25.110001,25.32,24.91,24.91,22.814051,5200
2016-12-15,42719,24.952999,24.98,24.952999,24.98,22.87816,4300
2016-12-16,42720,25.209999,25.209999,25.08,25.08,22.969748,200
2016-12-19,42723,25.24,25.24,25.02,25.038,22.931282,8500
2016-12-20,42724,25.1,25.139999,25.1,25.110001,22.997225,1600
2016-12-21,42725,24.924999,24.940001,24.889999,24.889999,23.089991,5600
2016-12-22,42726,24.93,24.93,24.879999,24.879999,23.080717,400
2016-12-23,42727,24.893,24.940001,24.889999,24.921,23.11875,2000
2016-12-27,42731,24.790001,25.01,24.790001,24.969999,23.164207,9900
2016-12-28,42732,24.858999,24.861,24.77,24.790001,22.997223,9500
2016-12-29,42733,24.790001,24.99,24.790001,24.98,23.173483,1500
2016-12-30,42734,25.120001,25.25,25.091999,25.1,23.284807,2900
2017-01-03,42738,25.1,25.110001,25.007999,25.1,23.284807,7900
2017-01-04,42739,25.01,25.290001,25.01,25.290001,23.461067,8100
2017-01-05,42740,25.219999,25.549999,25.219999,25.530001,23.683708,4900
2017-01-06,42741,25.52,25.52,25.450001,25.450001,23.609495,2500
2017-01-09,42744,25.309999,25.459999,25.309999,25.43,23.59094,1400
2017-01-10,42745,25.59,25.59,25.42,25.445,23.604855,1300
2017-01-11,42746,25.219999,25.650999,25.219999,25.65,23.795031,1600
2017-01-12,42747,25.643,25.655001,25.52,25.57,23.720818,4800
2017-01-13,42748,25.57,25.57,25.57,25.57,23.720818,0
2017-01-17,42752,25.74,25.763,25.709999,25.719999,23.859966,15600
2017-01-18,42753,25.790001,25.790001,25.790001,25.790001,23.924908,600
2017-01-19,42754,25.65,25.66,25.629999,25.66,23.804308,10600
2017-01-20,42755,25.92,25.92,25.870001,25.870001,23.999121,500
2017-01-23,42758,25.811001,25.844,25.77,25.83,23.962013,6800
2017-01-24,42759,25.891001,25.969999,25.891001,25.969999,24.091887,200
2017-01-25,42760,26.18,26.43,26.18,26.43,24.518623,13000
2017-01-26,42761,26.33,26.34,26.26,26.34,24.435131,3100
2017-01-27,42762,26.450001,26.450001,26.299999,26.299999,24.398024,1100
2017-01-30,42765,25.879999,25.982,25.879999,25.969999,24.091887,5900
2017-01-31,42766,26.055,26.055,25.940001,25.959999,24.082611,900
2017-02-01,42767,26.299999,26.299999,26.075001,26.15,24.258871,5200
2017-02-02,42768,26.24,26.24,26.24,26.24,24.342361,200
2017-02-03,42769,26.27,26.27,26.025,26.025,24.142912,2300
2017-02-06,42772,25.879999,25.879999,25.700001,25.700001,23.841415,3400
2017-02-07,42773,25.74,25.809999,25.697001,25.719999,23.859966,2700
2017-02-08,42774,25.700001,25.733999,25.6,25.725,23.864609,6700
2017-02-09,42775,25.639999,25.889,25.639999,25.875999,24.004688,2800
2017-02-10,42776,25.85,25.879999,25.85,25.854,23.984276,1200
2017-02-13,42779,26.23,26.23,26,26,24.119719,5000
2017-02-14,42780,25.969999,25.969999,25.969999,25.969999,24.091887,800
2017-02-15,42781,25.91,26.02,25.76,26.02,24.138271,9900
2017-02-16,42782,26.07,26.07,26.07,26.07,24.184656,1500
2017-02-17,42783,26.07,26.07,25.98,25.99,24.110443,1300
2017-02-21,42787,26.1,26.299999,25.99,26.299999,24.398024,4000
2017-02-22,42788,26.17,26.295,26.17,26.27,24.370193,2600
2017-02-23,42789,26.51,26.51,26.26,26.288,24.38689,3300
2017-02-24,42790,25.950001,26.01,25.9,25.989,24.109516,12100
2017-02-27,42793,26.139999,26.156,26.02,26.15,24.258871,2500
2017-02-28,42794,25.99,26.15,25.99,26.09,24.203211,3000
2017-03-01,42795,26.370001,26.534,26.370001,26.52,24.602114,1400
2017-03-02,42796,26.378,26.378,26.309999,26.309999,24.407297,800
2017-03-03,42797,26.42,26.540001,26.42,26.509001,24.591909,700
2017-03-06,42800,26.58,26.58,26.309999,26.379999,24.472239,4600
2017-03-07,42801,26.243,26.306,26.243,26.306,24.403591,1000
2017-03-08,42802,26.23,26.24,26.200001,26.200001,24.305258,500
2017-03-09,42803,26.459999,26.5,26.389999,26.389999,24.481514,1300
2017-03-10,42804,26.51,26.6,26.51,26.6,24.676327,2700
2017-03-13,42807,26.6,26.6,26.6,26.6,24.676327,1400
2017-03-14,42808,26.503,26.503,26.440001,26.440001,24.527899,1100
2017-03-15,42809,26.440001,26.790001,26.440001,26.790001,24.852587,1000
2017-03-16,42810,26.93,27.01,26.891001,27.01,25.056677,9200
2017-03-17,42811,27.110001,27.110001,27.01,27.031,25.07616,1300
2017-03-20,42814,26.9,26.993,26.879999,26.879999,24.936077,2300
2017-03-21,42815,27.120001,27.219999,26.841,26.841,24.899899,7600
2017-03-22,42816,26.75,26.789,26.75,26.789,24.85166,500
2017-03-23,42817,26.76,26.98,26.76,26.98,25.028847,5400
2017-03-24,42818,27.030001,27.09,27.01,27.049999,25.093782,3000
2017-03-27,42821,26.969999,27.129999,26.969999,27.124001,25.162432,1600
2017-03-28,42822,27.16,27.32,27.16,27.32,25.344259,3000
2017-03-29,42823,27.299999,27.299999,27.23,27.26,25.288599,4000
2017-03-30,42824,27.35,27.35,27.15,27.15,25.186552,6000
2017-03-31,42825,27.216,27.365,27.216,27.33,25.353535,1700
2017-04-03,42828,27.35,27.360001,27.1,27.24,25.270044,3900
2017-04-04,42829,27.155001,27.219999,27.155001,27.200001,25.232937,2500
2017-04-05,42830,27.18,27.190001,26.98,26.98,25.028847,4000
2017-04-06,42831,27.049999,27.049999,26.98,26.99,25.038124,1400
2017-04-07,42832,26.940001,26.940001,26.853001,26.864,24.921238,2300
2017-04-10,42835,26.76,26.868999,26.76,26.799999,24.861864,1400
2017-04-11,42836,26.860001,26.860001,26.68,26.813,24.873924,800
2017-04-12,42837,26.77,26.77,26.77,26.77,24.834034,200
2017-04-13,42838,26.690001,26.719999,26.620001,26.620001,24.694883,4900
2017-04-17,42842,26.809999,26.809999,26.771,26.771,24.834961,3400
2017-04-18,42843,26.700001,26.74,26.598,26.74,24.806204,2000
2017-04-19,42844,26.797001,26.797001,26.76,26.76,24.824757,1200
2017-04-20,42845,26.860001,26.905001,26.841,26.849001,24.907322,1000
2017-04-21,42846,26.774,26.799999,26.774,26.799999,24.861864,600
2017-04-24,42849,27.98,28.108999,27.98,28.075001,26.044661,2400
2017-04-25,42850,28.120001,28.316,28.120001,28.299999,26.253387,5700
2017-04-26,42851,28.15,28.200001,28.07,28.15,26.114237,5200
2017-04-27,42852,28.16,28.16,28.035,28.035,26.007549,600
2017-04-28,42853,28.08,28.08,28.08,28.08,26.049299,200
2017-05-01,42856,28.68,28.68,28.245001,28.290001,26.244112,11600
2017-05-02,42857,28.280001,28.370001,28.23,28.370001,26.318325,4100
2017-05-03,42858,28.33,28.33,28.271999,28.271999,26.227411,800
2017-05-04,42859,28.549999,28.684999,28.549999,28.684999,26.610544,2800
2017-05-05,42860,28.75,29.129999,28.75,29.124001,27.017796,12900
2017-05-08,42863,28.85,28.85,28.709999,28.719999,26.643013,8100
2017-05-09,42864,28.73,28.795,28.709999,28.709999,26.633738,2200
2017-05-10,42865,28.65,28.73,28.610001,28.697001,26.621679,1700
2017-05-11,42866,28.969999,28.969999,28.490999,28.605,26.536329,3700
2017-05-12,42867,28.739,28.886,28.739,28.830999,26.745987,900
2017-05-15,42870,28.92,29.110001,28.92,29.049999,26.949144,15400
2017-05-16,42871,29.389999,29.410999,29.327999,29.327999,27.207043,3500
2017-05-17,42872,29.030001,29.07,28.902,28.902,26.811852,5700
2017-05-18,42873,28.690001,28.962999,28.690001,28.962999,26.868439,5400
2017-05-19,42874,29.209999,29.26,29.209999,29.25,27.134686,1600
2017-05-22,42877,29.450001,29.450001,29.250999,29.299999,27.181067,4100
2017-05-23,42878,29.4,29.4,29.209999,29.27,27.153238,5800
2017-05-24,42879,29.540001,29.540001,29.15,29.16,27.051195,1800
2017-05-25,42880,29.216,29.259001,29.216,29.259001,27.143034,600
2017-05-26,42881,29.002001,29.111,29.002001,29.111,27.005735,3900
2017-05-30,42885,29.450001,29.450001,29.087999,29.094999,26.990894,1500
2017-05-31,42886,29.309999,29.450001,29.282,29.32,27.199621,3300
2017-06-01,42887,29.4,29.4,29.275999,29.4,27.273834,6700
2017-06-02,42888,29.68,29.959999,29.68,29.940001,27.774784,13300
2017-06-05,42891,30.1,30.1,29.66,29.690001,27.542864,9200
2017-06-06,42892,29.73,29.73,29.5,29.5,27.366604,4100
2017-06-07,42893,29.559999,29.559999,29.49,29.533001,27.397219,2600
2017-06-08,42894,29.49,29.49,29.381001,29.43,27.301668,11300
2017-06-09,42895,29.549999,29.6,29.48,29.58,27.440821,4400
2017-06-12,42898,29.51,29.51,29.365,29.389999,27.264559,5600
2017-06-13,42899,29.549999,29.549999,29.549999,29.549999,27.412989,400
2017-06-14,42900,30.08,30.08,29.683001,29.683001,27.536371,2200
2017-06-15,42901,29.299999,29.299999,29.167,29.18,27.069744,9900
2017-06-16,42902,29.309999,29.48,29.309999,29.48,27.348053,4400
2017-06-19,42905,30.17,30.17,29.52,29.690001,27.542864,6300
2017-06-20,42906,29.74,29.74,29.379999,29.504999,27.371243,10600
2017-06-21,42907,28.99,28.99,28.85,28.959999,27.373135,27400
2017-06-22,42908,29.07,29.07,28.9,28.969,27.381641,1600
2017-06-23,42909,28.940001,28.944,28.870001,28.870001,27.288067,4200
2017-06-26,42912,29.26,29.26,28.969999,29.035,27.444023,3100
2017-06-27,42913,29.139999,29.139999,28.969999,28.98,27.392036,11600
2017-06-28,42914,29.080999,29.252001,29.080999,29.252001,27.649134,11000
2017-06-29,42915,29.280001,29.280001,28.719999,28.719999,27.146282,5800
2017-06-30,42916,28.700001,28.700001,28.6,28.665001,27.094299,900
2017-07-03,42919,28.74,28.799999,28.707001,28.707001,27.133999,2200
2017-07-05,42921,28.799999,28.799999,28.584999,28.690001,27.117929,2100
2017-07-06,42922,28.58,28.74,28.58,28.58,27.013956,10800
2017-07-07,42923,28.59,28.77,28.545,28.77,27.193548,3400
2017-07-10,42926,28.77,28.809999,28.74,28.775,27.198269,1000
2017-07-11,42927,28.870001,28.961,28.870001,28.961,27.374079,600
2017-07-12,42928,29.120001,29.329,29.120001,29.295,27.689779,2900
2017-07-13,42929,29.35,29.35,29.17,29.25,27.647243,3900
2017-07-14,42930,29.334999,29.41,29.33,29.41,27.798477,7200
2017-07-17,42933,29.209999,29.285,29.209999,29.285,27.680325,2600
2017-07-18,42934,29.17,29.17,29.1,29.118999,27.52342,5700
2017-07-19,42935,29.1,29.18,29.049999,29.110001,27.514915,11100
2017-07-20,42936,29.49,29.49,29.280001,29.344,27.736094,2600
2017-07-21,42937,29.07,29.07,28.889999,28.940001,27.354231,2700
2017-07-24,42940,28.9,28.9,28.74,28.879999,27.297516,2500
2017-07-25,42941,29.049999,29.049999,28.91,28.959,27.372189,4600
2017-07-26,42942,28.98,29.164,28.98,29.164,27.565956,5400
2017-07-27,42943,28.92,28.92,28.795,28.809999,27.231352,2200
2017-07-28,42944,28.924999,29.030001,28.924999,29.030001,27.439299,900
2017-07-31,42947,29.030001,29.030001,28.93,29.006001,27.416613,2600
2017-08-01,42948,29.120001,29.43,29.120001,29.405001,27.793751,6700
2017-08-02,42949,29.290001,29.370001,29.242001,29.25,27.647243,2500
2017-08-03,42950,29.34,29.34,29.15,29.24,27.637791,3300
2017-08-04,42951,29.35,29.35,29.27,29.35,27.741766,25300
2017-08-07,42954,29.33,29.33,29.221001,29.254999,27.651968,2000
2017-08-08,42955,29.254999,29.254999,29.254999,29.254999,27.651968,0
2017-08-09,42956,28.889999,29,28.870001,28.972,27.384478,2300
2017-08-10,42957,28.76,28.76,28.530001,28.6,27.032862,3500
2017-08-11,42958,28.66,28.740999,28.66,28.74,27.16519,2700
2017-08-14,42961,29.16,29.16,29.131001,29.132999,27.536654,2600
2017-08-15,42962,29.1,29.1,28.93,29,27.410942,3500
2017-08-16,42963,29.24,29.24,29.153,29.16,27.562174,2600
2017-08-17,42964,29.190001,29.190001,28.99,28.995001,27.406218,7100
2017-08-18,42965,28.969999,29.087999,28.889999,28.969999,27.382586,29100
2017-08-21,42968,29,29,28.889999,28.899,27.315475,2700
2017-08-22,42969,29.120001,29.16,29.1,29.141001,27.544218,3500
2017-08-23,42970,29.216,29.26,29.121,29.26,27.656696,7400
2017-08-24,42971,29.26,29.268,29.174999,29.18,27.581079,5300
2017-08-25,42972,29.35,29.479,29.256001,29.346001,27.737982,1900
2017-08-28,42975,29.5,29.5,29.5,29.5,27.883543,200
2017-08-29,42976,29.139999,29.205,29.09,29.166,27.567848,7100
2017-08-30,42977,29.1,29.1,29,29.079,27.485613,6300
2017-08-31,42978,29.15,29.167999,29.01,29.139,27.542326,8300
2017-09-01,42979,29.209999,29.358999,29.209999,29.273001,27.668983,2200
2017-09-05,42983,29.469999,29.469999,29.205,29.26,27.656696,7400
2017-09-06,42984,29.5,29.75,29.5,29.705,28.077311,6000
2017-09-07,42985,30,30.110001,29.98,30.09,28.441216,11700
2017-09-08,42986,29.91,30.044001,29.91,30.044001,28.397736,5400
2017-09-11,42989,30.379999,30.379999,30.26,30.379999,28.715324,3200
2017-09-12,42990,30.16,30.49,30.16,30.440001,28.772038,8100
2017-09-13,42991,30.305,30.33,30.26,30.305,28.644436,5000
2017-09-14,42992,30.226999,30.226999,30.226999,30.226999,28.570709,400
2017-09-15,42993,30.377001,30.41,30.349001,30.349001,28.686024,2800
2017-09-18,42996,30.52,30.52,30.431,30.450001,28.78149,18300
2017-09-19,42997,30.610001,30.620001,30.530001,30.620001,28.942175,4600
2017-09-20,42998,30.6,30.6,30.41,30.41,28.743681,11800
2017-09-21,42999,30.556,30.59,30.506001,30.59,28.913816,1800
2017-09-22,43000,30.563,30.610001,30.563,30.610001,28.932722,2800
2017-09-25,43003,30.41,30.410999,30.216,30.280001,28.620808,4800
2017-09-26,43004,30.280001,30.280001,30.110001,30.152,28.499819,5300
2017-09-27,43005,30.09,30.27,30.09,30.27,28.611351,8300
2017-09-28,43006,30.35,30.48,30.32,30.43,28.762585,17200
2017-09-29,43007,30.531,30.799,30.531,30.721001,29.037642,3500
2017-10-02,43010,30.74,30.77,30.669001,30.77,29.083956,2300
2017-10-03,43011,30.84,30.860001,30.767,30.858999,29.168076,8300
2017-10-04,43012,30.950001,30.950001,30.858,30.91,29.216282,2300
2017-10-05,43013,30.870001,30.870001,30.791,30.832001,29.142557,2300
2017-10-06,43014,30.879999,30.889999,30.726,30.856001,29.165241,17800
2017-10-09,43017,30.940001,30.940001,30.84,30.85,29.159571,3800
2017-10-10,43018,31.059999,31.059999,30.931999,30.931999,29.237076,1400
2017-10-11,43019,31.209999,31.219999,31.097,31.16,29.452583,2500
2017-10-12,43020,31.26,31.26,31.160999,31.160999,29.453527,1700
2017-10-13,43021,31.33,31.33,31.17,31.17,29.462038,8600
2017-10-16,43024,31.469999,31.469999,30.99,31.072001,29.369408,17800
2017-10-17,43025,31.129999,31.129999,31,31.101,29.396816,2900
2017-10-18,43026,31.299999,31.299999,31.129999,31.27,29.556557,1800
2017-10-19,43027,31.040001,31.4,31.040001,31.212,29.501734,7500
2017-10-20,43028,31.139999,31.139999,31,31.09,29.386421,3500
2017-10-23,43031,31.09,31.09,30.952,30.975,29.277723,4800
2017-10-24,43032,31.190001,31.190001,30.950001,30.950001,29.254091,4600
2017-10-25,43033,31.049999,31.17,30.99,31.044001,29.342941,2800
2017-10-26,43034,31.030001,31.18,31.02,31.15,29.443132,3900
2017-10-27,43035,31.190001,31.348,31.030001,31.08,29.376966,13200
2017-10-30,43038,31.26,31.26,31.209999,31.237,29.525364,5100
2017-10-31,43039,31.32,31.548,31.32,31.495001,29.76923,13500
2017-11-01,43040,31.5,31.85,31.5,31.75,30.010256,10500
2017-11-02,43041,31.799999,31.912001,31.799999,31.912001,30.163378,8800
2017-11-03,43042,31.809999,31.84,31.75,31.780001,30.03861,2300
2017-11-06,43045,31.76,31.780001,31.707001,31.780001,30.03861,4800
2017-11-07,43046,31.629999,31.629999,31.344999,31.469999,29.745598,11500
2017-11-08,43047,31.559999,31.59,31.344999,31.59,29.859024,2200
2017-11-09,43048,31.23,31.23,31.055,31.200001,29.490393,5300
2017-11-10,43049,31.219999,31.219999,31,31.058001,29.356174,2600
2017-11-13,43052,30.84,30.966999,30.700001,30.966999,29.270159,3400
2017-11-14,43053,31.065001,31.290001,31.030001,31.290001,29.57546,2700
2017-11-15,43054,30.67,31.129999,30.67,30.952,29.255981,8100
2017-11-16,43055,31.219999,31.290001,31.150999,31.290001,29.57546,3400
2017-11-17,43056,31.209999,31.209999,31.023001,31.15,29.443132,2700
2017-11-20,43059,31.25,31.25,31.040001,31.093,29.389257,2800
2017-11-21,43060,31.15,31.445999,31.15,31.42,29.698339,7600
2017-11-22,43061,31.4,31.459999,30.910999,31.09,29.386421,5200
2017-11-24,43063,31.68,31.68,31.68,31.68,29.944092,177600
2017-11-27,43066,31.43,31.49,31.386,31.402,29.681324,5200
2017-11-28,43067,31.5,31.59,31.392,31.59,29.859024,13700
2017-11-29,43068,31.719999,31.719999,31.42,31.43,29.707788,2100
2017-11-30,43069,31.700001,31.700001,31.42,31.42,29.698339,13600
2017-12-01,43070,31.51,31.51,31.051001,31.228001,29.516859,5700
2017-12-04,43073,31.58,31.58,31.360001,31.49,29.764503,8400
2017-12-05,43074,31.309999,31.312,31.190001,31.190001,29.480942,9000
2017-12-06,43075,31.08,31.15,31,31.106001,29.401545,3900
2017-12-07,43076,31.07,31.319,31.030001,31.319,29.602875,1800
2017-12-08,43077,31.51,31.51,31.305,31.459999,29.736143,5600
2017-12-11,43080,31.469999,31.469999,31.41,31.41,29.688887,1300
2017-12-12,43081,31.26,31.35,31.190001,31.322001,29.605709,13900
2017-12-13,43082,31.34,31.372,31.250999,31.372,29.652967,2000
2017-12-14,43083,31.469999,31.469999,31.142,31.18,29.471491,6800
2017-12-15,43084,31.33,31.370001,31.18,31.208,29.497955,4600
2017-12-18,43087,31.66,31.9,31.66,31.77,30.02916,9500
2017-12-19,43088,31.92,31.92,31.629999,31.809999,30.066967,4000
2017-12-20,43089,31.940001,31.940001,31.4,31.77,30.02916,2200
2017-12-21,43090,31.52,31.549,31.290001,31.486,29.760721,1200
2017-12-22,43091,31.48,31.48,31.309999,31.417,29.695503,5800
2017-12-26,43095,31.51,31.51,31.361,31.361,29.64257,2100
2017-12-27,43096,31.535,31.540001,31.434,31.434,29.711573,3900
2017-12-28,43097,31.52,31.57,31.52,31.549999,29.821215,900
2017-12-29,43098,31.360001,31.59,31.34,31.59,29.859024,5700
2018-01-02,43102,31.41,31.531,31.327,31.462,29.738035,3900
2018-01-03,43103,31.639999,31.73,31.549999,31.695,29.958269,9500
2018-01-04,43104,32.099998,32.368999,32.099998,32.240002,30.473408,10700
2018-01-05,43105,32.450001,32.599998,32.41,32.596001,30.809898,21600
2018-01-08,43108,32.75,32.75,32.380001,32.5,30.719158,75600
2018-01-09,43109,32.540001,32.540001,32.34,32.41,30.63409,4300
2018-01-10,43110,32.369999,32.369999,32.16,32.189999,30.426146,7600
2018-01-11,43111,32.32,32.330002,32.200001,32.299999,30.530117,4900
2018-01-12,43112,32.599998,32.779999,32.5,32.700001,30.908199,21900
2018-01-16,43116,33.040001,33.040001,32.703999,32.810001,31.012175,13400
2018-01-17,43117,32.830002,32.895,32.650002,32.830002,31.031078,2400
2018-01-18,43118,32.790001,33.056999,32.790001,33.025002,31.215393,4400
2018-01-19,43119,33.389999,33.450001,33.294998,33.450001,31.617102,4500
2018-01-22,43122,33.57,33.57,33.341,33.549999,31.711622,45000
2018-01-23,43123,33.669998,33.82,33.669998,33.794998,31.943199,8700
2018-01-24,43124,33.959999,34,33.654999,33.799999,31.947924,15400
2018-01-25,43125,33.810001,33.82,33.5,33.59,31.749435,19600
2018-01-26,43126,33.650002,33.700001,33.619999,33.644001,31.800476,32400
2018-01-29,43129,33.509998,33.528,33.305,33.389999,31.560392,4800
2018-01-30,43130,33.279999,33.304001,33.130001,33.16,31.342993,13200
2018-01-31,43131,33.419998,33.419998,33.169998,33.169998,31.352446,5100
2018-02-01,43132,32.75,33,32.75,32.98,31.172857,12000
2018-02-02,43133,32.560001,32.57,32.16,32.16,30.397789,23300
2018-02-05,43136,32,32.07,30.68,30.93,29.235188,32100
2018-02-06,43137,30.84,31.74,30.84,31.690001,29.953543,21900
2018-02-07,43138,31.690001,31.690001,31.155001,31.309999,29.594366,21500
2018-02-08,43139,31.129999,31.129999,30.200001,30.200001,28.545189,20300
2018-02-09,43140,30.290001,30.434,29.67,30.434,28.766367,15900
2018-02-12,43143,30.690001,30.851999,30.566999,30.790001,29.102859,12300
2018-02-13,43144,30.780001,30.789,30.690001,30.789,29.101913,2400
2018-02-14,43145,30.42,31.440001,30.42,31.33,29.613268,8800
2018-02-15,43146,31.389999,31.450001,31.304001,31.43,29.707788,15700
2018-02-16,43147,31.17,31.549999,31.17,31.549999,29.821215,8700
2018-02-20,43151,31.23,31.27,31.1,31.1,29.395872,6100
2018-02-21,43152,31.1,31.34,30.910999,30.92,29.225735,4700
2018-02-22,43153,30.93,31.059999,30.889999,31.059999,29.358065,2900
2018-02-23,43154,31.280001,31.389999,31.129999,31.389999,29.669981,8100
2018-02-26,43157,31.25,31.42,31.15,31.35,29.632175,23400
2018-02-27,43158,31.309999,31.309999,30.905001,30.905001,29.211559,3400
2018-02-28,43159,30.889999,30.889999,30.559999,30.559999,28.885462,6200
2018-03-01,43160,30.379999,30.379999,29.860001,29.959999,28.318338,9300
2018-03-02,43161,29.51,30.07,29.51,30.07,28.422312,72600
2018-03-05,43164,30.139999,30.417999,29.915001,30.417,28.750298,8400
2018-03-06,43165,30.66,30.66,30.492001,30.559999,28.885462,20900
2018-03-07,43166,30.629999,30.75,30.620001,30.745001,29.060326,6500
2018-03-08,43167,30.889999,30.889999,30.781,30.815001,29.12649,9600
2018-03-09,43168,30.805,30.834999,30.775,30.834999,29.145391,2000
2018-03-12,43171,30.879999,31.011,30.879999,31.011,29.311749,5100
2018-03-13,43172,31.02,31.030001,30.620001,30.620001,28.942175,1700
2018-03-14,43173,30.99,30.99,30.67,30.67,28.989433,2400
2018-03-15,43174,30.721001,30.865,30.709999,30.865,29.173748,1800
2018-03-16,43175,30.809999,30.809999,30.809999,30.809999,29.121761,300
2018-03-19,43178,30.719999,30.719999,30.43,30.530001,28.857105,3300
2018-03-20,43179,30.51,30.660999,30.51,30.615999,28.938393,2000
2018-03-21,43180,30.57,30.68,30.549999,30.59,28.913816,12500
2018-03-22,43181,30.16,30.209999,30.01,30.011,28.366545,4800
2018-03-23,43182,30.059999,30.059999,29.540001,29.549999,27.930803,11000
2018-03-26,43185,29.879999,30.15,29.74,30.15,28.497931,7400
2018-03-27,43186,29.98,30.188999,29.83,29.83,28.195463,12400
2018-03-28,43187,29.709999,30,29.671,29.870001,28.233271,6400
2018-03-29,43188,30.24,30.24,30.24,30.24,28.582996,800
2018-04-02,43192,30.26,30.26,29.52,29.780001,28.148201,4400
2018-04-03,43193,29.860001,29.98,29.780001,29.98,28.337242,2100
2018-04-04,43194,29.469999,30.01,29.469999,30.01,28.365599,2500
2018-04-05,43195,30.41,30.51,30.360001,30.51,28.838203,9600
2018-04-06,43196,30.309999,30.49,30.299999,30.309999,28.64916,3500
2018-04-09,43199,30.68,30.68,30.68,30.68,28.998888,100
2018-04-10,43200,31.030001,31.030001,30.92,30.92,29.225735,1700
2018-04-11,43201,31.040001,31.040001,30.690001,30.700001,29.017792,1900
2018-04-12,43202,30.860001,31.004999,30.860001,30.988001,29.290009,5000
2018-04-13,43203,30.98,31.049999,30.940001,31.049999,29.348612,1800
2018-04-16,43206,31.08,31.165001,31.08,31.115,29.410051,2400
2018-04-17,43207,31.25,31.535,31.25,31.49,29.764503,6500
2018-04-18,43208,31.530001,31.620001,31.52,31.540001,29.811764,2800
2018-04-19,43209,31.379999,31.405001,31.25,31.32,29.603817,2000
2018-04-20,43210,31.120001,31.190001,31.1,31.120001,29.414776,800
2018-04-23,43213,31.200001,31.200001,31.040001,31.094999,29.391146,5400
2018-04-24,43214,31.16,31.16,30.73,30.73,29.046148,1800
2018-04-25,43215,30.52,30.57,30.43,30.57,28.894913,3000
2018-04-26,43216,30.559999,30.639999,30.559999,30.639999,28.961079,1200
2018-04-27,43217,30.940001,30.940001,30.940001,30.940001,29.24464,200
2018-04-30,43220,30.780001,30.799999,30.68,30.68,28.998888,1700
2018-05-01,43221,30.75,30.75,30.41,30.440001,28.772038,15200
2018-05-02,43222,31.02,31.084,30.997999,31.084,29.380749,1800
2018-05-03,43223,30.886,30.948999,30.66,30.948999,29.253143,5700
2018-05-04,43224,30.995001,31.030001,30.915001,31.02,29.320257,8300
2018-05-07,43227,31.15,31.225,31.15,31.16,29.452583,2300
2018-05-08,43228,30.91,30.91,30.91,30.91,29.216282,700
2018-05-09,43229,30.91,31.139999,30.91,31.094999,29.391146,1800
2018-05-10,43230,31.25,31.35,31.25,31.35,29.632175,3000
2018-05-11,43231,31.429001,31.429001,31.280001,31.34,29.622723,700
2018-05-14,43234,31.356001,31.438999,31.24,31.316999,29.600983,3300
2018-05-15,43235,30.950001,31.136999,30.871,31.07,29.367516,1600
2018-05-16,43236,30.969999,31.059999,30.955,31.02,29.320257,2900
2018-05-17,43237,31.27,31.290001,31.110001,31.17,29.462038,4100
2018-05-18,43238,31.08,31.08,31.02,31.02,29.320257,5200
2018-05-21,43241,31.349001,31.349001,31.200001,31.25,29.537651,3100
2018-05-22,43242,31.4,31.4,31.299999,31.33,29.613268,1800
2018-05-23,43243,30.709999,30.709999,30.49,30.691,29.009285,9600
2018-05-24,43244,30.5,30.5,30.360001,30.462999,28.793776,3200
2018-05-25,43245,30.41,30.43,30.41,30.43,28.762585,400
2018-05-29,43249,29.85,29.85,29.41,29.5,27.883543,7000
2018-05-30,43250,30,30.219999,29.809999,30.219999,28.564091,3600
2018-05-31,43251,29.860001,29.870001,29.709999,29.709999,28.082037,13400
2018-06-01,43252,30.129999,30.139999,29.950001,30,28.356148,4600
2018-06-04,43255,30.120001,30.195999,30.120001,30.18,28.526285,5600
2018-06-05,43256,30.389999,30.389999,30.18,30.237,28.580158,2100
2018-06-06,43257,30.309999,30.594999,30.309999,30.587999,28.911926,5200
2018-06-07,43258,30.540001,30.540001,30.280001,30.290001,28.630257,1100
2018-06-08,43259,30.299999,30.43,30.235001,30.42,28.753134,3200
2018-06-11,43262,30.370001,30.66,30.360001,30.610001,28.932722,2000
2018-06-12,43263,30.59,30.59,30.59,30.59,28.913816,1000
2018-06-13,43264,30.57,30.57,30.559999,30.559999,28.885462,1100
2018-06-14,43265,30.59,30.85,30.59,30.74,29.055597,2300
2018-06-15,43266,30.51,30.555,30.51,30.549999,28.876009,47500
2018-06-18,43269,29.99,30.110001,29.99,30.094999,28.445942,900
2018-06-19,43270,29.49,29.789,29.49,29.778,28.146311,10400
2018-06-20,43271,29.34,29.416,29.290001,29.379999,28.099447,6100
2018-06-21,43272,29.18,29.18,29,29.01,27.745575,3200
2018-06-22,43273,29.17,29.360001,29.120001,29.360001,28.08032,500
2018-06-25,43276,28.959999,28.959999,28.639999,28.790001,27.535162,1300
2018-06-26,43277,28.59,28.667999,28.459999,28.6,27.353445,5900
2018-06-27,43278,28.620001,28.799999,28.450001,28.450001,27.209984,5700
2018-06-28,43279,28.097,28.27,28.070999,28.27,27.037827,2900
2018-06-29,43280,28.690001,28.780001,28.65,28.709999,27.458649,3300
2018-07-02,43283,28.32,28.565001,28.32,28.565001,27.319969,1900
2018-07-03,43284,28.92,28.92,28.653999,28.653999,27.40509,2300
2018-07-05,43286,29.08,29.17,29.02,29.138,27.867996,6700
2018-07-06,43287,29.15,29.25,29.15,29.219999,27.946421,4000
2018-07-09,43290,29.370001,29.459999,29.370001,29.43,28.147266,3500
2018-07-10,43291,29.530001,29.6,29.51,29.582001,28.292645,6300
2018-07-11,43292,29.209999,29.209999,28.92,28.959999,27.697752,9200
2018-07-12,43293,28.99,29.16,28.99,29.16,27.889036,7000
2018-07-13,43294,29.09,29.09,29.09,29.09,27.822086,200
2018-07-16,43297,29.309999,29.405001,29.309999,29.405001,28.12336,4300
2018-07-17,43298,29.367001,29.57,29.367001,29.57,28.281166,4000
2018-07-18,43299,29.58,29.68,29.58,29.610001,28.319424,10400
2018-07-19,43300,29.48,29.48,29.365,29.440001,28.156834,1900
2018-07-20,43301,29.209999,29.370001,29.209999,29.370001,28.089882,4700
2018-07-23,43304,29.27,29.370001,29.27,29.370001,28.089882,1600
2018-07-24,43305,29.65,29.73,29.540001,29.540001,28.252474,2400
2018-07-25,43306,29.440001,29.440001,29.24,29.35,28.070757,1800
2018-07-26,43307,29.879999,29.879999,29.792,29.799999,28.501141,4000
2018-07-27,43308,30,30,29.780001,29.809999,28.510704,3700
2018-07-30,43311,29.947001,29.947001,29.91,29.91,28.606348,1800
2018-07-31,43312,29.924999,29.950001,29.870001,29.92,28.61591,8300
2018-08-01,43313,29.780001,29.780001,29.608,29.608,28.317511,700
2018-08-02,43314,29.110001,29.16,29.062,29.15,27.879473,2700
2018-08-03,43315,29.219999,29.219999,29.18,29.200001,27.927294,2000
2018-08-06,43318,29.01,29.083,28.950001,29.083,27.815392,2100
2018-08-07,43319,29.440001,29.440001,29.280001,29.280001,28.003807,400
2018-08-08,43320,29.280001,29.280001,29.219999,29.24,27.965548,1500
2018-08-09,43321,29.24,29.24,29.24,29.24,27.965548,200
2018-08-10,43322,28.469999,28.469999,28.200001,28.200001,26.970879,4500
2018-08-13,43325,28.18,28.299999,28.125,28.125,26.899147,5200
2018-08-14,43326,28.049999,28.200001,28.01,28.200001,26.970879,5600
2018-08-15,43327,27.610001,27.639999,27.459999,27.639999,26.435287,2000
2018-08-16,43328,27.67,27.85,27.67,27.85,26.636133,5400
2018-08-17,43329,27.799999,28.059999,27.799999,28.059999,26.836979,1200
2018-08-20,43332,28.190001,28.219999,28.190001,28.219999,26.990007,900
2018-08-21,43333,28.58,28.618,28.518999,28.618,27.370659,2500
2018-08-22,43334,28.700001,28.700001,28.700001,28.700001,27.449087,200
2018-08-23,43335,28.68,28.68,28.6,28.6,27.353445,700
2018-08-24,43336,28.67,28.83,28.67,28.782,27.527512,2800
2018-08-27,43339,28.969999,29.219999,28.969999,29.190001,27.917728,1900
2018-08-28,43340,29.34,29.34,29.34,29.34,28.06119,200
2018-08-29,43341,29.23,29.379999,29.23,29.379999,28.099447,4900
2018-08-30,43342,29.16,29.17,29.059999,29.17,27.8986,900
2018-08-31,43343,28.809999,28.809999,28.450001,28.450001,27.209984,9000
2018-09-04,43347,28.24,28.273001,28.139999,28.273001,27.040697,2700
2018-09-05,43348,28.190001,28.190001,28.027,28.037001,26.814983,1200
2018-09-06,43349,28.017,28.017,27.75,27.76,26.550056,1300
2018-09-07,43350,27.629999,27.629999,27.5,27.57,26.36834,1700
2018-09-10,43353,27.844999,27.844999,27.790001,27.790001,26.578749,1600
2018-09-11,43354,27.559999,27.98,27.559999,27.98,26.760468,5000
2018-09-12,43355,27.93,28.014,27.879999,27.924999,26.707865,4100
2018-09-13,43356,28.23,28.290001,28.225,28.280001,27.047394,8200
2018-09-14,43357,28.360001,28.360001,28.110001,28.18,26.95175,1900
2018-09-17,43360,28.219999,28.26,28.129999,28.129999,26.903929,2600
2018-09-18,43361,28.26,28.469999,28.26,28.469999,27.229109,4400
2018-09-19,43362,28.43,28.542,28.43,28.500999,27.258759,1600
2018-09-20,43363,28.93,29.118,28.93,29.118,27.848867,900
2018-09-21,43364,29.118,29.118,29.118,29.118,27.848867,0
2018-09-24,43367,29.120001,29.120001,29,29.059999,27.793394,1900
2018-09-25,43368,29.115,29.115,29.031,29.031,27.765659,1700
2018-09-26,43369,29.068001,29.080999,29.068001,29.080999,27.81348,600
2018-09-27,43370,28.879999,28.99,28.879999,28.9,27.640369,1200
2018-09-28,43371,28.219999,28.49,28.219999,28.49,27.248238,8500
2018-10-01,43374,28.65,28.65,28.504999,28.504999,27.262585,2700
2018-10-02,43375,28.16,28.370001,28.16,28.370001,27.133469,2200
2018-10-03,43376,28.5,28.540001,28.459999,28.540001,27.296061,1400
2018-10-04,43377,28.299999,28.389999,28.01,28.184999,26.956532,3300
2018-10-05,43378,27.74,27.76,27.74,27.76,26.550056,500
2018-10-08,43381,27.360001,27.459999,27.299999,27.32,26.129234,4700
2018-10-09,43382,27.25,27.51,27.25,27.49,26.291824,800
2018-10-10,43383,27.15,27.15,26.868,26.931,25.757189,2400
2018-10-11,43384,26.85,26.85,26.530001,26.665001,25.502783,1600
2018-10-12,43385,26.621,26.621,26.49,26.49,25.335409,500
2018-10-15,43388,26.85,26.85,26.85,26.85,25.67972,300
2018-10-16,43389,27.110001,27.25,27.110001,27.25,26.062286,1300
2018-10-17,43390,27.110001,27.110001,27.110001,27.110001,25.928387,400
2018-10-18,43391,26.66,26.781,26.35,26.35,25.201513,2300
2018-10-19,43392,26.466999,26.620001,26.466999,26.575001,25.416706,2100
2018-10-22,43395,26.51,26.51,26.341999,26.370001,25.220642,800
2018-10-23,43396,25.799999,26.115999,25.791,26.115999,24.977709,1600
2018-10-24,43397,25.737,25.76,25.242001,25.242001,24.141806,1200
2018-10-25,43398,25.379999,25.749001,25.370001,25.749001,24.626709,2000
2018-10-26,43399,25.290001,25.615,25.16,25.615,24.498547,3600
2018-10-29,43402,25.84,25.84,25.511,25.511,24.39908,700
2018-10-30,43403,25.5,25.620001,25.5,25.51,24.398127,5700
2018-10-31,43404,26,26,25.799999,25.799999,24.675484,4700
2018-11-01,43405,26.030001,26.059999,26.030001,26.059999,24.924152,1500
2018-11-02,43406,26.43,26.568001,26.43,26.568001,25.410011,1100
2018-11-05,43409,26.299999,26.299999,26.139999,26.18,25.038921,2200
2018-11-06,43410,26.08,26.26,26.08,26.26,25.115437,2200
2018-11-07,43411,26.523001,26.6,26.48,26.525,25.368887,2400
2018-11-08,43412,26.35,26.35,26.27,26.27,25.124998,2600
2018-11-09,43413,26.003,26.1,26,26.1,24.962408,2100
2018-11-12,43416,25.780001,25.780001,25.396999,25.396999,24.290049,2400
2018-11-13,43417,26.01,26.01,25.655001,25.655001,24.536806,900
2018-11-14,43418,25.99,25.99,25.65,25.860001,24.732868,800
2018-11-15,43419,25.775,25.860001,25.775,25.84,24.713741,2500
2018-11-16,43420,25.785,25.881001,25.780001,25.881001,24.752954,700
2018-11-19,43423,25.809999,25.809999,25.809999,25.809999,24.685049,2800
2018-11-20,43424,25.110001,25.35,25.110001,25.35,24.245098,2300
2018-11-21,43425,25.35,25.525,25.35,25.525,24.412472,7600
2018-11-23,43427,25.280001,25.299999,25.280001,25.299999,24.197277,1800
2018-11-26,43430,25.67,25.700001,25.67,25.690001,24.570278,3200
2018-11-27,43431,25.5,25.5,25.5,25.5,24.388559,300
2018-11-28,43432,25.459999,25.841,25.459999,25.841,24.714697,4000
2018-11-29,43433,25.754,25.780001,25.719999,25.780001,24.656357,2100
2018-11-30,43434,25.48,25.610001,25.48,25.540001,24.426819,2300
2018-12-03,43437,26.09,26.09,25.959999,25.966,24.834249,1200
2018-12-04,43438,25.365,25.443001,25.200001,25.200001,24.101637,3700
2018-12-06,43440,24.860001,24.91,24.559999,24.91,23.824276,9600
2018-12-07,43441,24.9,24.900999,24.444,24.444,23.378588,5700
2018-12-10,43444,24.299999,24.389999,24.190001,24.35,23.288685,2400
2018-12-11,43445,24.579,24.579,24.398001,24.398001,23.334591,1200
2018-12-12,43446,24.639999,24.874001,24.639999,24.860001,23.776455,13400
2018-12-13,43447,24.799999,24.927999,24.59,24.59,23.518223,23900
2018-12-14,43448,24.59,24.6,24.552999,24.552999,23.482836,2400
2018-12-17,43451,24.34,24.51,23.98,23.98,22.934811,13700
2018-12-18,43452,24.440001,24.549999,24.440001,24.466999,23.400583,4800
2018-12-19,43453,24.57,24.780001,24.236,24.236,23.179653,5000
2018-12-20,43454,24.139999,24.290001,24.094999,24.094999,23.044798,4100
2018-12-21,43455,24.120001,24.219999,24,24,22.953941,6000
2018-12-24,43458,23.65,23.837999,23.537001,23.537001,22.511118,4300
2018-12-26,43460,23.547001,23.639999,23.41,23.639999,22.609631,6600
2018-12-27,43461,23.73,23.75,23.540001,23.75,22.714836,2900
2018-12-28,43462,23.889999,23.889999,23.530001,23.530001,22.927252,6900
2018-12-31,43465,24,24,23.52,23.620001,23.014946,5500
2019-01-02,43467,23.521999,23.57,23.42,23.549999,22.946737,3700
2019-01-03,43468,23.49,23.49,23.209999,23.25,22.654423,7000
2019-01-04,43469,23.58,24.188,23.58,24.188,23.568396,2600
2019-01-07,43472,24.18,24.18,24.042,24.139999,23.521626,3400
2019-01-08,43473,24.33,24.43,24.228001,24.35,23.726246,3600
2019-01-09,43474,24.639,24.73,24.57,24.73,24.096512,3000
2019-01-10,43475,24.620001,24.658001,24.4,24.57,23.940609,11200
2019-01-11,43476,24.407,24.426001,24.389999,24.389999,23.765221,700
2019-01-14,43479,24.23,24.459999,24.18,24.459999,23.833426,3400
2019-01-15,43480,24.389999,24.450001,24.389999,24.450001,23.823685,700
2019-01-16,43481,24.459999,24.459999,24.459999,24.459999,23.833426,100
2019-01-17,43482,24.35,24.35,24.35,24.35,23.726246,400
2019-01-18,43483,24.98,24.98,24.787001,24.979,24.339132,2300
2019-01-22,43487,24.700001,24.700001,24.309999,24.665001,24.033176,5600
2019-01-23,43488,24.870001,24.9,24.59,24.665001,24.033176,7000
2019-01-24,43489,24.620001,24.716,24.620001,24.690001,24.057537,1100
2019-01-25,43490,25.08,25.23,25.08,25.16,24.515495,4000
2019-01-28,43493,25.17,25.17,25.17,25.17,24.525242,600
2019-01-29,43494,25.129999,25.16,25.129999,25.16,24.515495,1200
2019-01-30,43495,25.139999,25.139999,24.83,24.997999,24.357645,2900
2019-01-31,43496,25.030001,25.1,25.030001,25.1,24.457035,700
2019-02-01,43497,25.1,25.1,25,25.042,24.40052,6100
2019-02-04,43500,24.879999,25.059999,24.84,25.059999,24.418058,4600
2019-02-05,43501,25.23,25.4,25.23,25.4,24.749348,1800
2019-02-06,43502,25.4,25.4,25.4,25.4,24.749348,100
2019-02-07,43503,24.809999,24.809999,24.5,24.57,23.940609,8000
2019-02-08,43504,24.360001,24.360001,24.190001,24.339001,23.715528,5200
2019-02-11,43507,24.24,24.355,24.190001,24.32,23.697014,1100
2019-02-12,43508,24.613001,24.764999,24.613001,24.764999,24.130615,1100
2019-02-13,43509,24.91,24.91,24.68,24.68,24.047792,3300
2019-02-14,43510,24.450001,24.639,24.450001,24.599001,23.968868,1100
2019-02-15,43511,24.950001,25,24.914,25,24.359594,2500
2019-02-19,43515,24.879999,25.23,24.879999,25.190001,24.544729,4400
2019-02-20,43516,25.365,25.434999,25.365,25.434999,24.783451,600
2019-02-21,43517,25.280001,25.290001,25.280001,25.290001,24.642166,700
2019-02-22,43518,25.290001,25.290001,25.290001,25.290001,24.642166,100
2019-02-25,43521,25.290001,25.290001,25.290001,25.290001,24.642166,200
2019-02-26,43522,25.52,25.792,25.52,25.792,25.131308,2100
2019-02-27,43523,25.674999,25.674999,25.594999,25.614,24.957869,1500
2019-02-28,43524,25.690001,25.73,25,25,24.359594,1400
2019-03-01,43525,25.941,25.952999,25.85,25.872999,25.21023,1300
2019-03-04,43528,25.91,25.91,25.612,25.700001,25.041664,2800
2019-03-05,43529,25.731001,25.731001,25.700001,25.700001,25.041664,500
2019-03-06,43530,25.780001,25.780001,25.65,25.66,25.002687,700
2019-03-07,43531,25.24,25.299999,25.23,25.231001,24.584679,7400
2019-03-08,43532,25.191,25.191,25.191,25.191,24.545704,400
2019-03-11,43535,25.34,25.344999,25.330999,25.34,24.690886,2500
2019-03-12,43536,25.559999,25.559999,25.440001,25.450001,24.798067,2100
2019-03-13,43537,25.5,25.65,25.5,25.65,24.992945,3600
2019-03-14,43538,25.709999,25.709999,25.610001,25.66,25.002687,2000
2019-03-15,43539,25.91,25.91,25.860001,25.907,25.243362,1200
2019-03-18,43542,25.959999,25.959999,25.809999,25.93,25.265772,2400
2019-03-19,43543,26.17,26.25,26.120001,26.15,25.480135,1300
2019-03-20,43544,25.865,25.865,25.83,25.844999,25.182949,600
2019-03-21,43545,25.639999,25.67,25.639999,25.67,25.012432,500
2019-03-22,43546,25.33,25.379,25.120001,25.120001,24.476521,2600
2019-03-25,43549,25.200001,25.200001,25.039,25.039,24.397596,1300
2019-03-26,43550,25.039,25.039,25.039,25.039,24.397596,100
2019-03-27,43551,25.09,25.202,25.09,25.18,24.534985,2400
2019-03-28,43552,25.18,25.290001,25.07,25.23,24.583702,45300
2019-03-29,43553,25.35,25.389999,25.211,25.389999,24.739605,4700
2019-04-01,43556,25.709999,25.709999,25.645,25.658001,25.00074,76600
2019-04-02,43557,25.82,25.84,25.743,25.84,25.178078,1600
2019-04-03,43558,26.1,26.285,26.1,26.285,25.611679,3500
2019-04-04,43559,26.382999,26.441999,26.275999,26.34,25.66527,9900
2019-04-05,43560,26.290001,26.358999,26.290001,26.32,25.645781,700
2019-04-08,43563,26.51,26.51,26.33,26.34,25.66527,1700
2019-04-09,43564,26.290001,26.290001,26.17,26.17,25.499624,1800
2019-04-10,43565,26.316,26.316,26.301001,26.301001,25.62727,400
2019-04-11,43566,26.25,26.322001,26.25,26.302999,25.629217,2900
2019-04-12,43567,26.559999,26.658001,26.5,26.6,25.91861,2400
2019-04-15,43570,26.57,26.649,26.542,26.649,25.966354,2600
2019-04-16,43571,26.75,26.82,26.75,26.799999,26.113485,700
2019-04-17,43572,26.9,26.948999,26.85,26.85,26.162205,600
2019-04-18,43573,26.865,26.969999,26.865,26.969999,26.279131,5000
2019-04-22,43577,27.1,27.1,26.976,26.99,26.29862,6900
2019-04-23,43578,26.785999,26.875,26.785999,26.875,26.186565,900
2019-04-24,43579,26.879999,26.975,26.84,26.891001,26.202156,5600
2019-04-25,43580,26.73,26.870001,26.73,26.83,26.142717,22200
2019-04-26,43581,26.91,26.969999,26.865999,26.969,26.278158,11900
2019-04-29,43584,26.959999,27,26.868,26.969,26.278158,24500
2019-04-30,43585,26.940001,27.143,26.940001,27.125999,26.431135,5200
2019-05-01,43586,27.23,27.23,27,27,26.308363,1800
2019-05-02,43587,27.004999,27.101,26.891001,26.950001,26.259645,5900
2019-05-03,43588,27,27.209999,27,27.209999,26.512983,2200
2019-05-06,43591,26.58,26.929001,26.58,26.92,26.230412,5100
2019-05-07,43592,26.59,26.59,26.35,26.429001,25.751989,2300
2019-05-08,43593,26.67,26.764999,26.67,26.674999,25.991688,1700
2019-05-09,43594,26.313,26.525999,26.313,26.525999,25.846504,3800
2019-05-10,43595,26.49,26.639999,26.49,26.639999,25.957584,900
2019-05-13,43598,26.08,26.139999,26.059999,26.061001,25.393417,2500
2019-05-14,43599,26.275999,26.309,26.275999,26.309,25.635065,900
2019-05-15,43600,26.504999,26.504999,26.504999,26.504999,25.826042,200
2019-05-16,43601,26.799999,26.82,26.799999,26.82,26.132975,800
2019-05-17,43602,26.6,26.604,26.572001,26.572001,25.891327,800
2019-05-20,43605,26.129999,26.306,26.129999,26.209999,25.538599,2000
2019-05-21,43606,26.379999,26.445,26.379999,26.385,25.709118,2000
2019-05-22,43607,26.385,26.385,26.385,26.385,25.709118,100
2019-05-23,43608,26,26.056,25.914,26.054001,25.386597,6700
2019-05-24,43609,26.054001,26.054001,26.054001,26.054001,25.386597,100
2019-05-28,43613,26.166,26.166,26.061001,26.1,25.431417,1600
2019-05-29,43614,25.66,25.799,25.374001,25.448999,24.797094,3800
2019-05-30,43615,25.719999,25.924,25.719999,25.801001,25.140076,6800
2019-05-31,43616,25.5,27.190001,25.469999,27.190001,26.493498,7000
2019-06-03,43619,25.66,25.83,25.65,25.825001,25.163462,10700
2019-06-04,43620,26.15,26.166,25.889999,26.09,25.421675,10400
2019-06-05,43621,26.115999,26.115999,26.115999,26.115999,25.447006,100
2019-06-06,43622,26.326,26.326,26.326,26.326,25.651628,400
2019-06-07,43623,26.549999,26.6,26.223,26.540001,25.860147,5300
2019-06-10,43626,26.610001,26.76,26.610001,26.75,26.064768,900
2019-06-11,43627,26.85,26.886999,26.795,26.886999,26.198256,3000
2019-06-12,43628,26.780001,26.780001,26.358999,26.693001,26.009228,600
2019-06-13,43629,26.52,26.660999,26.48,26.48,25.801682,1200
2019-06-14,43630,26.363001,26.363001,26.363001,26.363001,25.687681,100
2019-06-17,43633,26.429001,26.429001,26.429001,26.429001,25.751989,300
2019-06-18,43634,26.870001,26.947001,26.808001,26.816,26.129076,1400
2019-06-19,43635,26.940001,27,26.940001,26.940001,26.249899,1300
2019-06-20,43636,27.25,27.26,27.16,27.16,26.464264,2800
2019-06-21,43637,26.999001,27.18,26.999001,27.15,26.454521,5000
2019-06-24,43640,27.233,27.233,27.15,27.153999,26.458418,700
2019-06-25,43641,27.114,27.114,27.040001,27.040001,26.34734,700
2019-06-26,43642,27.153999,27.153999,27.084999,27.084999,26.391184,500
2019-06-27,43643,26.688,26.688,26.450001,26.450001,26.44718,2000
2019-06-28,43644,26.875999,26.875999,26.5,26.5,26.497173,9400
2019-07-01,43647,27.049999,27.094999,26.85,26.85,26.847137,3600
2019-07-02,43648,26.879999,26.889999,26.879999,26.889999,26.887133,800
2019-07-03,43649,27.174999,27.202999,27.08,27.129999,27.127106,1700
2019-07-05,43651,26.92,26.92,26.74,26.74,26.737148,1400
2019-07-08,43654,26.790001,26.790001,26.620001,26.719999,26.71715,2500
2019-07-09,43655,26.549999,26.597,26.5,26.559999,26.557167,3300
2019-07-10,43656,26.635,26.635,26.42,26.518999,26.516171,1700
2019-07-11,43657,26.42,26.42,26.42,26.42,26.417183,100
2019-07-12,43658,26.344999,26.344999,26.344999,26.344999,26.34219,200
2019-07-15,43661,26.49,26.601,26.485001,26.57,26.567167,3700
2019-07-16,43662,26.438999,26.583,26.438999,26.583,26.580166,900
2019-07-17,43663,26.583,26.583,26.583,26.583,26.580166,100
2019-07-18,43664,26.583,26.583,26.583,26.583,26.580166,100
2019-07-19,43665,26.129999,26.27,26.01,26.27,26.267199,5500
2019-07-22,43668,26.209999,26.26,26.139999,26.209999,26.207205,4200
2019-07-23,43669,26.469999,26.559999,26.469999,26.518999,26.516171,3200
2019-07-24,43670,26.549999,26.653,26.521999,26.525,26.522171,1900
2019-07-25,43671,26.57,26.6,26.16,26.219999,26.217203,8200
2019-07-26,43672,26.209999,26.316999,26.129999,26.129999,26.127213,8400
2019-07-29,43675,26.34,26.41,26.32,26.41,26.407185,3300
2019-07-30,43676,25.719999,25.829,25.645,25.829,25.826246,2800
2019-07-31,43677,25.82,25.882,25.27,25.27,25.267305,3500
2019-08-01,43678,25.4,25.690001,25.4,25.528,25.525278,1300
2019-08-02,43679,25.4,25.690001,25.4,25.528,25.525278,100
2019-08-05,43682,24.82,24.885,24.639999,24.639999,24.637371,4900
2019-08-06,43683,24.860001,24.98,24.622999,24.67,24.66737,3200
2019-08-07,43684,24.690001,24.993999,24.68,24.896,24.893345,5500
2019-08-08,43685,25.040001,25.305,25.040001,25.07,25.067326,2900
2019-08-09,43686,24.9,25.15,24.9,25.15,25.147318,2500
2019-08-12,43689,24.941999,24.941999,24.892,24.892,24.889345,700
2019-08-13,43690,24.709999,25.059,24.709999,25.01,25.007334,1700
2019-08-14,43691,24.5,24.5,24.15,24.15,24.147425,3900
2019-08-15,43692,24.09,24.09,24.047001,24.08,24.077433,2400
2019-08-16,43693,24.211,24.370001,24.211,24.370001,24.367403,1400
2019-08-19,43696,24.76,24.816,24.688999,24.780001,24.777359,2700
2019-08-20,43697,24.576,24.576,24.546,24.546,24.543383,1400
2019-08-21,43698,24.870001,24.913,24.870001,24.913,24.910343,700
2019-08-22,43699,24.879999,24.879999,24.812,24.812,24.809355,200
2019-08-23,43700,24.605,24.74,24.605,24.656,24.653372,2500
2019-08-26,43703,24.620001,24.632999,24.5,24.542,24.539383,5800
2019-08-27,43704,24.799999,24.846001,24.67,24.777,24.774359,2100
2019-08-28,43705,24.459999,24.684999,24.459999,24.684999,24.682367,1500
2019-08-29,43706,24.787001,24.858,24.787001,24.858,24.855349,400
2019-08-30,43707,25.091999,25.228001,25.040001,25.219999,25.21731,9800
2019-09-03,43711,24.889999,24.889999,24.75,24.861,24.858349,1700
2019-09-04,43712,25.052,25.25,25.052,25.15,25.147318,6200
2019-09-05,43713,25.59,25.6,25.389999,25.598,25.59527,7800
2019-09-06,43714,25.598,25.598,25.598,25.598,25.59527,0
2019-09-09,43717,25.601999,25.605,25.601999,25.605,25.60227,1200
2019-09-10,43718,25.605,25.605,25.605,25.605,25.60227,0
2019-09-11,43719,25.780001,25.780001,25.780001,25.780001,25.777252,400
2019-09-12,43720,25.940001,26.115999,25.940001,26.115999,26.113214,2100
2019-09-13,43721,26.219999,26.280001,26.219999,26.280001,26.277199,1700
2019-09-16,43724,26.059999,26.129999,25.950001,26.038,26.035223,9200
2019-09-17,43725,26.014999,26.014999,25.988001,25.988001,25.985229,400
2019-09-18,43726,26,26,26,26,25.997227,300
2019-09-19,43727,26.190001,26.200001,26.040001,26.040001,26.037224,2400
2019-09-20,43728,26.040001,26.040001,26.040001,26.040001,26.037224,100
2019-09-23,43731,25.676001,25.676001,25.676001,25.676001,25.673264,3200
2019-09-24,43732,25.790001,25.790001,25.75,25.75,25.747253,3700
2019-09-25,43733,25.5,25.568001,25.4,25.43,25.427288,1900
2019-09-26,43734,25.540001,25.639999,25.540001,25.639999,25.637266,700
2019-09-27,43735,25.816,25.816,25.625,25.625,25.622267,600
2019-09-30,43738,25.74,25.77,25.610001,25.610001,25.607269,1100
2019-10-01,43739,25.669001,25.737,25.669001,25.737,25.734255,1000
2019-10-02,43740,25.15,25.15,24.83,24.889999,24.887344,6400
2019-10-03,43741,24.68,25.200001,24.68,25.200001,25.197313,1200
2019-10-04,43742,25.030001,25.030001,24.934999,24.934999,24.932341,1600
2019-10-07,43745,25.110001,25.110001,25.110001,25.110001,25.107323,700
2019-10-08,43746,25.07,25.07,24.92,24.959999,24.957338,2300
2019-10-09,43747,25.208,25.208,25.208,25.208,25.205313,100
2019-10-10,43748,25.26,25.407,25.26,25.407,25.404291,500
2019-10-11,43749,26.059999,26.311001,26.059999,26.1,26.097218,4800
2019-10-14,43752,26.243,26.243,26.243,26.243,26.240202,800
2019-10-15,43753,26.200001,26.591999,26.200001,26.48,26.477177,3000
2019-10-16,43754,26.5,26.6,26.48,26.6,26.597164,1100
2019-10-17,43755,26.84,26.896,26.84,26.896,26.893131,500
2019-10-18,43756,26.75,26.85,26.655001,26.85,26.847137,1400
2019-10-21,43759,27.08,27.156,27.08,27.110001,27.107109,3900
2019-10-22,43760,27.01,27.030001,26.82,26.82,26.817141,900
2019-10-23,43761,27.138,27.138,27.138,27.138,27.135107,300
2019-10-24,43762,27.139999,27.200001,27.127001,27.129999,27.127106,800
2019-10-25,43763,27.129999,27.129999,27.129999,27.129999,27.127106,300
2019-10-28,43766,27.26,27.459999,27.26,27.349001,27.346085,3400
2019-10-29,43767,27.1,27.26,27.1,27.26,27.257093,1800
2019-10-30,43768,27.26,27.35,27.26,27.35,27.347084,1400
2019-10-31,43769,27.35,27.35,27.35,27.35,27.347084,100
2019-11-01,43770,27.469999,27.639999,27.440001,27.639999,27.637053,3500
2019-11-04,43773,27.92,28.025999,27.716,27.716,27.713045,6600
2019-11-05,43774,27.74,27.75,27.521,27.747999,27.745041,6500
2019-11-06,43775,27.708,27.808001,27.708,27.808001,27.805035,400
2019-11-07,43776,27.940001,28.017,27.9,27.959999,27.957018,7300
2019-11-08,43777,27.77,27.82,27.6,27.809999,27.807034,6500
2019-11-11,43780,27.6,27.6,27.540001,27.559999,27.55706,1400
2019-11-12,43781,27.790001,27.795,27.75,27.75,27.747042,1600
2019-11-13,43782,27.73,27.73,27.73,27.73,27.727043,1800
2019-11-14,43783,27.620001,27.739,27.530001,27.655001,27.652052,3100
2019-11-15,43784,27.790001,27.862,27.790001,27.862,27.859028,1100
2019-11-18,43787,27.73,27.805,27.700001,27.805,27.802036,2900
2019-11-19,43788,27.886,27.886,27.860001,27.860001,27.857029,3100
2019-11-20,43789,27.6,27.801001,27.58,27.68,27.67705,2200
2019-11-21,43790,27.6,27.684999,27.6,27.684999,27.682047,200
2019-11-22,43791,27.76,27.76,27.639,27.655001,27.652052,1300
2019-11-25,43794,27.629999,27.818001,27.629999,27.690001,27.687048,3800
2019-11-26,43795,27.76,27.790001,27.652,27.75,27.747042,2200
2019-11-27,43796,27.716,27.823,27.716,27.780001,27.777039,1400
2019-11-29,43798,27.76,27.76,27.700001,27.700001,27.697046,100
2019-12-02,43801,27.52,27.52,27.23,27.325001,27.322086,1700
2019-12-03,43802,27.41,27.459999,27.41,27.459999,27.457071,500
2019-12-04,43803,27.700001,27.799,27.690001,27.690001,27.687048,2100
2019-12-05,43804,27.655001,27.659,27.610001,27.610001,27.607056,900
2019-12-06,43805,27.66,27.690001,27.52,27.690001,27.687048,1200
2019-12-09,43808,27.68,27.68,27.548,27.548,27.545063,1700
2019-12-10,43809,27.48,27.535,27.26,27.535,27.532064,3000
2019-12-11,43810,27.65,27.76,27.6,27.76,27.75704,5800
2019-12-12,43811,27.9,28.065001,27.9,28.030001,28.027012,1100
2019-12-13,43812,28.1,28.288,28.1,28.219999,28.21699,6200
2019-12-16,43815,28.4,28.5,28.344,28.379999,28.376972,4200
2019-12-17,43816,28.209999,28.315001,28.09,28.195,28.191994,4700
2019-12-18,43817,27.98,28.01,27.966999,27.99,27.987015,800
2019-12-19,43818,27.812,27.834999,27.812,27.834999,27.832031,200
2019-12-20,43819,28,28,27.9,27.955,27.952019,2600
2019-12-23,43822,27.924,27.99,27.924,27.99,27.987015,4600
2019-12-24,43823,27.99,27.99,27.99,27.99,27.987015,0
2019-12-26,43825,27.98,28.190001,27.98,28.055,28.05201,175900
2019-12-27,43826,28.26,28.299999,28.139999,28.139999,28.136999,2900
2019-12-30,43829,28.040001,28.040001,27.700001,27.700001,27.700001,4400
2019-12-31,43830,27.860001,28.103001,27.77,28.103001,28.103001,6300
2020-01-02,43832,28.538,28.663,28.405001,28.5,28.5,1500
2020-01-03,43833,27.98,28.111,27.969999,27.99,27.99,2700
2020-01-06,43836,27.799999,28.004999,27.799999,28.004999,28.004999,600
2020-01-07,43837,28.040001,28.066,27.955,27.955,27.955,600
2020-01-08,43838,28.155001,28.26,28.155001,28.26,28.26,1700
2020-01-09,43839,28.43,28.51,28.360001,28.450001,28.450001,5700
2020-01-10,43840,28.517,28.517,28.5,28.5,28.5,800
2020-01-13,43843,28.24,28.530001,28.225,28.450001,28.450001,2500
2020-01-14,43844,28.341999,28.48,28.341999,28.360001,28.360001,400
2020-01-15,43845,28.450001,28.5,28.316,28.379999,28.379999,18800
2020-01-16,43846,28.49,28.49,28.379999,28.459999,28.459999,7600
2020-01-17,43847,28.559999,28.57,28.32,28.32,28.32,5400
2020-01-21,43851,28.48,28.51,28.48,28.48,28.48,3600
2020-01-22,43852,28.4,28.465,28.4,28.465,28.465,8200
2020-01-23,43853,28.200001,28.280001,28.035,28.275,28.275,1900
2020-01-24,43854,28.559999,28.65,28.23,28.309999,28.309999,4900
2020-01-27,43857,27.629999,27.844999,27.5,27.705999,27.705999,7300
2020-01-28,43858,27.629999,27.879999,27.620001,27.879999,27.879999,1800
2020-01-29,43859,27.940001,27.940001,27.722,27.855,27.855,3800
2020-01-30,43860,27.559999,27.705,27.504999,27.705,27.705,2200
2020-01-31,43861,27.379999,27.379999,27.1,27.1,27.1,16900
2020-02-03,43864,27.23,27.4,27.23,27.385,27.385,2100
2020-02-04,43865,27.860001,27.927999,27.75,27.82,27.82,1100
2020-02-05,43866,28.120001,28.17,28.120001,28.17,28.17,200
2020-02-06,43867,28.389999,28.389999,28.242001,28.242001,28.242001,1300
2020-02-07,43868,28.040001,28.040001,27.895,27.950001,27.950001,700
2020-02-10,43871,27.82,28.017,27.82,27.975,27.975,12700
2020-02-11,43872,28.16,28.254999,28.16,28.254999,28.254999,2700
2020-02-12,43873,28.360001,28.559999,28.25,28.455,28.455,4900
2020-02-13,43874,28.459999,28.459999,28.275,28.275,28.275,800
2020-02-14,43875,28.4,28.4,28.264999,28.264999,28.264999,2600
2020-02-18,43879,28.110001,28.200001,28.059999,28.059999,28.059999,2500
2020-02-19,43880,28.120001,28.247999,28.120001,28.24,28.24,1300
2020-02-20,43881,28.299999,28.299999,27.940001,27.940001,27.940001,1800
2020-02-21,43882,27.941999,27.941999,27.839001,27.92,27.92,900
2020-02-24,43885,26.799999,26.868999,26.214001,26.815001,26.815001,4900
2020-02-25,43886,26.799999,26.799999,26.124001,26.15,26.15,16900
2020-02-26,43887,26.26,26.464001,26.1,26.17,26.17,3300
2020-02-27,43888,25.620001,26.003,25.209999,25.209999,25.209999,10700
2020-02-28,43889,24.51,24.995001,24.473,24.950001,24.950001,6400
2020-03-02,43892,25.09,25.42,24.905001,25.360001,25.360001,3600
2020-03-03,43893,25.719999,25.75,25,25.091,25.091,4900
2020-03-04,43894,25.57,25.719999,25.459999,25.719999,25.719999,1100
2020-03-05,43895,25.27,25.379999,25.01,25.149,25.149,5100
2020-03-06,43896,24.799999,24.899,24.57,24.815001,24.815001,4100
2020-03-09,43899,22.98,23.48,22.690001,22.690001,22.690001,23200
2020-03-10,43900,23.51,23.57,22.549999,23.295,23.295,12400
2020-03-11,43901,22.76,22.777,21.955,22.17,22.17,27000
2020-03-12,43902,20.389999,21.549999,19.26,19.66,19.66,31900
2020-03-13,43903,20.74,20.74,19.287001,20.299999,20.299999,21500
2020-03-16,43906,17.959999,19.129999,17.870001,18.290001,18.290001,81800
2020-03-17,43907,18.25,19.09,17.969999,18.794001,18.794001,26100
2020-03-18,43908,17.67,17.950001,17,17.385,17.385,80800
2020-03-19,43909,17.26,17.809999,17.09,17.610001,17.610001,14800
2020-03-20,43910,18.08,18.48,17.620001,17.635,17.635,12300
2020-03-23,43913,18.09,18.370001,17.65,18.004999,18.004999,13000
2020-03-24,43914,19.27,19.98,19.193001,19.743,19.743,19200
2020-03-25,43915,19.98,20.665001,19.74,20.4,20.4,14700
2020-03-26,43916,20.42,21.02,20.34,21.018,21.018,22500
2020-03-27,43917,20.25,20.659,20.000999,20.5,20.5,11200
2020-03-30,43920,20.17,20.76,20.110001,20.625,20.625,19000
2020-03-31,43921,20.74,20.77,20.34,20.594999,20.594999,18400
2020-04-01,43922,19.77,20.135,19.530001,19.601,19.601,7600
2020-04-02,43923,20.098,20.098,19.5,19.767,19.767,2300
2020-04-03,43924,19.74,19.74,19.4,19.597,19.597,169000
2020-04-06,43927,20.6,21,20.568001,20.943001,20.943001,15200
2020-04-07,43928,21.870001,21.870001,21.280001,21.290001,21.290001,72100
2020-04-08,43929,21.469999,21.57,21.059999,21.525,21.525,21100
2020-04-09,43930,22.01,22.318001,21.665001,22.212999,22.212999,10500
2020-04-13,43934,22.450001,22.450001,21.58,21.733,21.733,15000
2020-04-14,43935,22.4,22.610001,22.204,22.433001,22.433001,13700
2020-04-15,43936,21.52,21.65,21.27,21.459999,21.459999,17000
2020-04-16,43937,21.549999,21.549999,21.114,21.289,21.289,5300
2020-04-17,43938,22.08,22.17,21.802,22.163,22.163,22500
2020-04-20,43941,21.799999,22.27,21.799999,21.885,21.885,19400
2020-04-21,43942,21.459999,21.690001,21.114,21.313999,21.313999,18800
2020-04-22,43943,21.559999,21.625999,21.389999,21.528999,21.528999,4900
2020-04-23,43944,21.360001,21.857,21.24,21.316,21.316,19200
2020-04-24,43945,21.313999,21.5,21.231001,21.424,21.424,2400
2020-04-27,43948,21.85,22.068001,21.799999,22.068001,22.068001,27500
2020-04-28,43949,22.58,22.639999,22.115999,22.181999,22.181999,36800
2020-04-29,43950,22.780001,23.18,22.618999,22.950001,22.950001,24200
2020-04-30,43951,22.68,22.77,22.299999,22.73,22.73,10800
2020-05-01,43952,22.24,22.43,22.021999,22.1,22.1,28800
2020-05-04,43955,21.889999,22.09,21.587999,22.09,22.09,9500
2020-05-05,43956,22.139999,22.280001,22,22.07,22.07,24200
2020-05-06,43957,22.17,22.17,21.65,21.756001,21.756001,7300
