Date,Date Value,Open,High,Low,Last,Close,Total Trade Quantity,Turnover (Lacs)
10/08/18,43381,208,222.25,206.85,216,215.15,4642146,10062.83
10/05/18,43378,217,218.6,205.9,210.25,209.2,3519515,7407.06
10/04/18,43377,223.5,227.8,216.15,217.25,218.2,1728786,3815.79
10/03/18,43376,230,237.5,225.75,226.45,227.6,1708590,3960.27
10/01/18,43374,234.55,234.6,221.05,230.3,230.9,1534749,3486.05
09/28/18,43371,234.05,235.95,230.2,233.5,233.75,3069914,7162.35
09/27/18,43370,234.55,236.8,231.1,233.8,233.25,5082859,11859.95
09/26/18,43369,240,240,232.5,235,234.25,2240909,5248.6
09/25/18,43368,233.3,236.75,232,236.25,236.1,2349368,5503.9
09/24/18,43367,233.55,239.2,230.75,234,233.3,3423509,7999.55
09/21/18,43364,235,237,227.95,233.75,234.6,5395319,12589.59
09/19/18,43362,235.95,237.2,233.45,234.6,234.9,1362058,3202.78
09/18/18,43361,237.9,239.25,233.5,235.5,235.05,2614794,6163.7
09/17/18,43360,233.15,238,230.25,236.4,236.6,3170894,7445.41
09/14/18,43357,223.45,236.7,223.3,234,233.95,6377909,14784.5
09/12/18,43355,216.35,223.7,212.65,221.65,222.65,4570939,10002.01
09/11/18,43354,222.5,225.4,214.85,216.35,216,3508990,7735.81
09/10/18,43353,222.5,235.15,220.65,221.05,222,7514106,17130.29
09/07/18,43350,221,224.5,219.1,223.15,222.95,1232507,2742.84
09/06/18,43349,224,225,218.2,220.95,221.05,1738824,3856.72
09/05/18,43348,222,224.6,215.2,222.1,222.4,3023097,6674.93
09/04/18,43347,238.2,238.2,222.6,223.45,223.7,3554859,8163.82
09/03/18,43346,236,243.55,235.05,236.85,236.7,5242852,12538.39
08/31/18,43343,237,239.75,232.95,234.65,234.3,3353833,7913.21
08/30/18,43342,235.35,237.3,232.1,237.3,236,1921327,4516.57
08/29/18,43341,233.85,237.7,232.7,234.2,234.55,1394661,3280.33
08/28/18,43340,237,239.3,231.3,232.9,233.35,2374782,5571.77
08/27/18,43339,231.8,239.35,231.05,236.8,237.05,1990020,4689.94
08/24/18,43336,234.5,237.2,230.2,231.5,231,1838417,4289.35
08/23/18,43335,240.3,240.6,233.1,235.5,235.45,1553953,3662.36
08/21/18,43333,246.9,246.9,239.25,240.9,240.55,3272005,7941.4
08/20/18,43332,244,247,243,244.7,245.15,1690225,4141.83
08/17/18,43329,240.8,244.5,239.2,242.7,243,2838238,6885.52
08/16/18,43328,236.05,242,235.95,240.35,239.35,2551480,6106.81
08/14/18,43326,235,238.5,235,237.4,237.55,1885288,4459.96
08/13/18,43325,233,236.45,232.25,235.2,234.55,1948583,4573.57
08/10/18,43322,237.3,237.95,231.1,233.65,233.55,2035594,4757.48
08/09/18,43321,236.65,239.85,235.3,237.25,237.3,1127248,2676.63
08/08/18,43320,237.25,240.5,235.05,236.35,236.35,1807313,4305.39
08/07/18,43319,241,241.55,235.3,237.5,237.6,1963538,4677.58
08/06/18,43318,235.15,240.45,234.15,240,239.5,2560616,6080.87
08/03/18,43315,236,239,232,235.2,234.65,3357945,7893.32
08/02/18,43314,232.5,238.05,230.4,235,235.45,5700851,13328.52
08/01/18,43313,248.7,254.95,234.35,235.1,235.65,13272609,32325.56
07/31/18,43312,243.4,249.65,241.5,247.1,246.9,4422342,10917.34
07/30/18,43311,243.7,247,240.9,243.65,242.2,1867720,4544.83
07/27/18,43308,241,243.95,239.15,242.5,242.25,1581985,3821.97
07/26/18,43307,235.9,242.95,234.5,239.5,239.1,3996921,9565.1
07/25/18,43306,248.5,248.5,235.8,236.05,236.9,2310430,5596.44
07/24/18,43305,244,249.2,241.9,246.3,246.3,2278457,5607.3
07/23/18,43304,238.9,244.25,235.25,243.05,243.3,2351769,5645.48
07/20/18,43301,231.25,240.95,231.25,238.9,238.6,3003282,7143.47
07/19/18,43300,239.7,243.3,228.6,232.5,233.1,4223216,9934.06
07/18/18,43299,248.4,249.6,232.7,238.1,238.65,3343525,8021.22
07/17/18,43298,241.55,251.85,240.3,247.5,247.9,3158004,7794.77
07/16/18,43297,257.9,257.9,242.1,243.9,243.25,3454849,8566.75
07/13/18,43294,265,265.75,257.55,258.3,258.9,3357333,8804.57
07/12/18,43293,270.4,272.45,264.35,264.5,265.2,2250217,6045.37
07/11/18,43292,274.8,275.45,267.45,270,269.8,1407688,3811.57
07/10/18,43291,275.9,277.8,272.55,274.55,274.75,1284523,3532.63
07/09/18,43290,268.25,276.2,267,275.3,275.25,2267486,6168.1
07/06/18,43287,269.8,273.25,265.7,266.2,266.3,2022333,5443.53
07/05/18,43286,277.45,282.4,270,271.8,271.25,2338411,6459.01
07/04/18,43285,281,281,275.35,277.7,277.3,3598212,9999.82
07/03/18,43284,264.5,284.5,262.7,280.1,281,6676660,18483.41
07/02/18,43283,271,273.1,263.25,264.5,264.45,3661633,9740.9
06/29/18,43280,262.7,270.15,262.7,269.2,269.35,2077927,5519.02
06/28/18,43279,263,268.25,261.45,265.05,263.95,4511203,11917.5
06/27/18,43278,265.1,268.4,261.2,263.15,265.6,2234204,5905.05
06/26/18,43277,264.8,269.7,263.3,264.6,267.35,2208389,5886.61
06/25/18,43276,260.1,266.95,260.1,264.55,264.5,2103452,5563.82
06/22/18,43273,257.9,263.55,256.45,261.95,262.1,2459832,6442.71
06/21/18,43272,258.05,262.35,255.5,258.15,258.2,3020580,7806.4
06/20/18,43271,263.7,264.75,257,260.55,260.85,3367252,8755.18
06/19/18,43270,274.65,274.65,266.05,267,267.05,6224725,16640.21
06/18/18,43269,271.55,276.85,269.15,274.9,275.35,1541522,4214.24
06/15/18,43266,279.15,281,271.45,272.2,272.15,3133233,8614.03
06/14/18,43265,269.8,278.75,268.2,278,277.8,3646744,10067.32
06/13/18,43264,267,270.5,265.35,270,269.6,1232644,3311.87
06/12/18,43263,262.75,268.4,262.75,267.2,267.6,1206633,3209.4
06/11/18,43262,265.6,271.25,262.7,263.25,263.7,3538690,9470.3
06/08/18,43259,263.7,269.35,263.55,266.7,266.95,1104173,2945.64
06/07/18,43258,266.9,269.7,263.3,267,267.1,1527128,4075.26
06/06/18,43257,262.75,266.7,260.35,265.55,265.75,2052017,5408.38
06/05/18,43256,255.5,264.7,254.8,264.2,263.75,4208120,11030.56
06/04/18,43255,265,265.4,253.5,255.5,255.25,1819147,4706.54
06/01/18,43252,269.7,269.7,258.55,265.1,263.25,2622839,6920.49
05/31/18,43251,267,272,260.7,269.05,269.2,3469905,9239.62
05/30/18,43250,254,266,253.2,265.7,264.5,4154146,10876.9
05/29/18,43249,257.4,262.7,257,257.9,257.5,2235734,5803.91
05/28/18,43248,254.7,262.2,254.65,260.7,260.65,2649349,6862.75
05/25/18,43245,252.2,259.4,252.2,258.5,257.85,2071496,5324.08
05/24/18,43244,251,255.5,247.3,255,254.5,2921253,7380.24
05/23/18,43243,246.5,252.35,245.55,250,250.2,4295785,10726.5
05/22/18,43242,244,251.1,244,247.6,247.15,3175432,7874.05
05/21/18,43241,244.1,248.35,240.55,244,243.55,3180360,7762.71
05/18/18,43238,248.3,248.95,243.35,245.1,244.7,3297714,8103.65
05/17/18,43237,243.5,249.3,242.5,247.5,247.5,7108750,17573.66
05/16/18,43236,240,245.6,237.25,241.4,241.1,6328483,15295.87
05/15/18,43235,256.45,259.5,240.75,242.45,242.65,9298329,23074.68
05/14/18,43234,280,281.35,251.85,257,255.9,16822847,43913.37
05/11/18,43231,284.4,290.5,284.4,287,287.5,1974327,5685.22
05/10/18,43230,292.95,293,283.45,284.15,285.25,1446384,4157.17
05/09/18,43229,289.6,294.35,288.6,292,292,1820409,5311
05/08/18,43228,296,296.2,287.25,289.5,289.7,1720983,4998.87
05/07/18,43227,288.8,295.5,287,295.05,294.2,1848551,5387.46
05/04/18,43224,287.05,291.5,282.3,287.9,287.8,1399442,4014.1
05/03/18,43223,292.75,292.75,283.1,286.45,286.65,2561225,7355.63
05/02/18,43222,297.4,300,289.4,293,292.75,1857277,5479.6
04/30/18,43220,293.9,298.5,292.05,297.85,297.55,3046154,9025.87
04/27/18,43217,293.45,294.4,291.05,291.4,292.1,1858644,5443.94
04/26/18,43216,292.5,293.65,288.75,291.2,291.2,4942803,14401.35
04/25/18,43215,283.05,291.25,282.05,289.1,289.1,4804882,13808.09
04/24/18,43214,283,288,281.8,283.7,283.15,2131466,6075.2
04/23/18,43213,287.7,287.8,282.65,283.2,283.6,1687369,4794.16
04/20/18,43210,285.95,288.8,283.65,286,286.3,2523492,7225.36
04/19/18,43209,286,288.65,283.6,285.55,286.2,2434183,6966.56
04/18/18,43208,282.3,287.45,279.25,285.35,284.1,4719061,13416.32
04/17/18,43207,282,285.25,277.5,280.6,280.95,5799262,16355.69
04/16/18,43206,274,280.2,272.55,279.4,279.65,3030999,8371.24
04/13/18,43203,274,277.35,271.75,275.7,275.5,2196800,6024.34
04/12/18,43202,273.9,277.8,271.65,273.9,273.85,2149205,5896.21
04/11/18,43201,276.1,276.35,271.5,273.85,273.85,1996390,5454.47
04/10/18,43200,280.2,280.7,274.1,275.8,275.5,2190930,6065.36
04/09/18,43199,275,281.65,273,276.75,277.8,4623765,12889.29
04/06/18,43196,274.8,275.65,271,272.7,272.7,1852060,5047.58
04/05/18,43195,274.55,277,271.5,273,273,2658707,7260.79
04/04/18,43194,276.7,279.05,269.55,270.15,270.25,3283985,8975.77
04/03/18,43193,276,277.55,271.7,275.3,274.8,2613360,7162.95
04/02/18,43192,259.35,278.4,259.35,277.45,276.95,6610831,17918.02
03/28/18,43187,261.25,264,257.5,259.15,258.75,2283408,5951.18
03/27/18,43186,264,265.75,260.75,264,263.8,3071911,8092.83
03/26/18,43185,258.05,263.5,253.7,263.45,262.2,2440719,6332.93
03/23/18,43182,251.05,258.9,250,258.2,257.9,2297852,5859.45
03/22/18,43181,264.65,264.65,257.6,259.1,258.85,1681596,4369.46
03/21/18,43180,265.3,266.3,262.15,262.9,263.2,1477158,3901.51
03/20/18,43179,259.7,263.65,255.1,263.3,262.05,2855717,7453.21
03/19/18,43178,272.6,273,258.35,260.65,260.6,3665423,9640.91
03/16/18,43175,280.8,282.7,271.05,272.55,272.4,2762357,7633.86
03/15/18,43174,278,284.4,277.25,279.55,279.6,2877987,8081.81
03/14/18,43173,275.25,281.25,275.25,279,278.5,2056369,5729.14
03/13/18,43172,278.05,281.3,273.2,278.2,278.2,3095190,8590.75
03/12/18,43171,270,276.65,269.7,276,276.05,2583575,7052.02
03/09/18,43168,275.9,275.9,266.6,268.5,268.35,1614381,4376.16
03/08/18,43167,270.5,274.2,265,273.15,273.4,2246589,6068.8
03/07/18,43166,272,274.45,265.15,268.9,268.9,4847214,13070.84
03/06/18,43165,276.7,283.1,271.45,272.5,274.15,6601857,18367.89
03/05/18,43164,274.8,276.95,270.55,276.6,275.65,4680138,12811.25
03/01/18,43160,275,277.35,274.1,275.45,274.85,2322191,6392.67
02/28/18,43159,273,277,272,275.4,275.5,2808234,7727.14
02/27/18,43158,275,279.7,273.1,275.4,275,4778178,13208.65
02/26/18,43157,273.55,274.8,271.55,274.8,273.5,3672359,10027.43
02/23/18,43154,264.2,271.9,263,271.2,270.7,3895920,10479.23
02/22/18,43153,265.95,269.9,261.1,262.9,262.15,5466484,14389.22
02/21/18,43152,265,268.85,262.2,266.5,266.6,3638163,9678.53
02/20/18,43151,268.7,274.2,261.65,263,262.85,5120799,13695.83
02/19/18,43150,277,277.05,263,269,267.95,2620461,7022.82
02/16/18,43147,280.25,282.75,274.2,275.5,275.6,1925414,5331.07
02/15/18,43146,284.35,285.25,276,279.85,279.05,1807307,5082.79
02/14/18,43145,287.95,289,280.9,281.5,281.95,2455660,7003.26
02/12/18,43143,282.4,289.6,279.7,284.25,285.1,4583181,13079.39
02/09/18,43140,271.1,279.8,271.1,278.65,278.25,3121544,8655.43
02/08/18,43139,282,286.5,276.1,280.4,280.45,5863983,16553.84
02/07/18,43138,270,284.4,270,279.65,280.15,8055761,22500.69
02/06/18,43137,259,270.3,253.25,266,266.7,7044561,18431.55
02/05/18,43136,265.1,276.9,255.15,275.5,273.1,6833906,18386.99
02/02/18,43133,284,285,260.25,274.6,274.85,6697007,18375.08
02/01/18,43132,290.25,294.9,278.6,289.55,288.35,4593306,13229.01
01/31/18,43131,302.9,303.7,286.1,291.15,290.65,5397599,15929.24
01/30/18,43130,300.95,307.3,299.45,304,304,2590100,7871.4
01/29/18,43129,305.25,306.8,300.7,301.3,301.8,1806919,5489.77
01/25/18,43125,304,311.25,301.65,305.3,304.25,3631793,11123.41
01/24/18,43124,306,310.7,302.8,303.7,304.25,2154759,6585.37
01/23/18,43123,310.7,310.7,304.05,307.7,307.2,4416130,13560.72
01/22/18,43122,307.05,314.95,306.6,309,308.85,3278437,10171.94
01/19/18,43119,306,310,300.95,309.9,308.35,3653286,11183.31
01/18/18,43118,315.05,315.75,301.4,304.5,305.45,3408593,10502.65
01/17/18,43117,313.85,317,307.55,314.05,313.55,3742677,11717.46
01/16/18,43116,323,326.9,311.45,317.6,316.4,4683847,14922.72
01/15/18,43115,327.7,328.75,321.65,323.7,323,4519030,14701.51
01/12/18,43112,315.05,328.35,315,325.95,325.75,14484043,46643.39
01/11/18,43111,314,316.7,311.8,313.1,313.3,3481728,10911.99
01/10/18,43110,315,319.1,312.55,314.25,314.1,2517494,7944.49
01/09/18,43109,317.6,319.65,314,314.7,315.3,2411068,7628.8
01/08/18,43108,314.65,319.2,312.2,317.45,317.6,2171903,6855.32
01/05/18,43105,312.3,315.85,310.35,312.85,312.95,1896601,5938.16
01/04/18,43104,312,313.5,307.25,312.3,312.25,2703849,8380.41
01/03/18,43103,311.9,315.15,310.15,310.95,311.2,2073353,6469.92
01/02/18,43102,314.3,314.95,307.55,310.7,311.15,2014415,6252.42
01/01/18,43101,317.75,317.8,311.8,313.45,312.9,1602814,5040.75
12/29/17,43098,308.05,318,306.35,316.05,316.4,6874520,21586.26
12/28/17,43097,306.5,309.3,303.55,306.8,306.6,4620000,14164.22
12/27/17,43096,305.5,308.8,302.5,305.65,305.55,3315278,10164.51
12/26/17,43095,303.7,307.7,300.55,305.5,305.95,3956481,12073.55
12/22/17,43091,301,306.35,299.7,302.8,302.75,4703911,14271.47
12/21/17,43090,302.25,303,298.15,300.2,300.15,2280137,6845.56
12/20/17,43089,301,303.8,297.75,302,300.85,4692403,14149.92
12/19/17,43088,292,301.45,291.7,300.7,300.65,8383608,24973.97
12/18/17,43087,280,293.95,275.1,291.6,290.85,5912782,17013.97
12/15/17,43084,289,289.95,286.15,287.1,286.85,3036814,8735.39
12/14/17,43083,288,288.25,279.2,284.5,284.3,5575066,15810.93
12/13/17,43082,290,292.5,282.2,284.8,284.45,6799578,19574.91
12/12/17,43081,298.6,298.6,286.65,287.45,287.8,6874578,20150.22
12/11/17,43080,290,299.55,285.9,297.85,298.35,8045275,23729.27
12/08/17,43077,287.55,289.9,285.05,288.05,288.45,4297335,12354.21
12/07/17,43076,276,284.85,275.65,284.8,284,3820082,10662.6
12/06/17,43075,278.9,282.95,273.6,275.3,274.95,4358618,12100.11
12/05/17,43074,279.4,283.75,278.15,280.4,279.95,4876970,13694.44
12/04/17,43073,285,286.5,276.4,280.3,279.05,5784862,16212.97
12/01/17,43070,288.45,293.6,282.6,284,283.55,7150041,20637.33
11/30/17,43069,278.9,292.2,277.55,288.1,287.1,9944314,28436.36
11/29/17,43068,287.3,290.65,278.3,279.05,280.2,6464166,18367.29
11/28/17,43067,277,289.8,276.5,287.2,287.75,11258640,32227.87
11/27/17,43066,277.5,278.4,274.3,277.75,277.45,2208868,6106.05
11/24/17,43063,275.05,280,275.05,277.2,278.7,3855810,10704.91
11/23/17,43062,273.15,276.95,270.5,276.25,274.8,3371088,9240.31
11/22/17,43061,273.5,275.85,267.75,275,274.05,5015906,13645.79
11/21/17,43060,275.9,280.75,271.15,273.5,273.15,12063135,33327.37
11/20/17,43059,261.15,276.25,259.25,275.15,274.9,13458563,36047.39
11/17/17,43056,252.25,260.8,250.8,258.95,259.9,6857865,17611.63
11/16/17,43055,254,254.65,247.2,251.25,251.95,6292626,15781.35
11/15/17,43054,237.9,253.35,237.9,252.15,250.9,17805319,44321.86
11/14/17,43053,234.7,248,228.4,246.4,246.7,15847309,37901.49
11/13/17,43052,236.3,239.8,232.85,233.95,234.4,2923051,6914.92
11/10/17,43049,240.7,244,234.65,236.3,236.15,7726311,18509.13
11/09/17,43048,225.8,241.6,225.3,239.85,240.45,11299727,26521.93
11/08/17,43047,226,228,222.55,225.4,224.5,3299527,7424.32
11/07/17,43046,235,235.5,221.3,225,225,5306883,12105.05
11/06/17,43045,224.9,236.9,224,234.45,234.7,6994467,16298.62
11/03/17,43042,227,227.9,224.35,225.5,225.3,1920643,4331.7
11/02/17,43041,227.9,231.25,223.4,226.95,226.35,7866167,17834.16
11/01/17,43040,226.95,231.4,226.35,228,227.8,3608627,8238.83
10/31/17,43039,226.95,228.25,223.15,227.5,226.95,5175219,11696.96
10/30/17,43038,225,230.25,222.5,226.5,226.8,13953152,31569.51
10/27/17,43035,211.3,221.8,209.75,221.7,220.5,8891566,19257.33
10/26/17,43034,204.95,210.85,203.4,209.7,209.8,4964383,10341.97
10/25/17,43033,211,211.5,203,205,205.3,2640192,5437.31
10/24/17,43032,204,210.25,203.55,209.7,209.65,3568231,7402.2
10/23/17,43031,205.5,207.45,202.6,203.75,203.1,2952899,6030.3
10/19/17,43027,207.9,207.95,203.7,203.85,204.6,532661,1095.73
10/18/17,43026,211.45,211.45,205.6,207.5,206.8,4687271,9730.6
10/17/17,43025,210.4,213.35,209.05,210.55,210.3,3269191,6898.79
10/16/17,43024,210.3,211.85,207.1,209.4,209.6,2658347,5563.4
10/13/17,43021,211,214.2,209.25,210,210.25,3171251,6713.26
10/12/17,43020,211,212.9,208,212,212,3902627,8224.13
10/11/17,43019,209.45,216,205.6,209.75,209.4,6891689,14629.38
10/10/17,43018,209.5,211.15,207.7,208.5,208.45,2125747,4448.8
10/09/17,43017,209.65,211.35,207.65,208.25,208.3,1653094,3454.22
10/06/17,43014,210,212.25,208.65,209.6,209.6,2534607,5332.72
10/05/17,43013,204.95,210.55,204.55,210.5,209.45,2228532,4637.19
10/04/17,43012,207.3,207.7,203.15,205.7,204.95,1964885,4032.28
10/03/17,43011,207.25,210.55,205,206.85,206.45,1985873,4118.57
09/29/17,43007,204.5,209.9,203.4,206.6,205.8,3721338,7700.44
09/28/17,43006,199.05,204.5,198.7,204,203.15,4602566,9312.65
09/27/17,43005,206.5,207,196.65,198.5,198.6,3331256,6727.73
09/26/17,43004,196,206.45,195.3,204.95,204.65,5546594,11185.5
09/25/17,43003,201.45,202,192.3,197,196.65,4019965,7877.39
09/22/17,43000,211,211,200,201.2,201.15,3851873,7911.13
09/21/17,42999,214,214.8,207.3,213.5,212.2,2914695,6159.43
09/20/17,42998,216.4,216.85,213.1,213.65,213.7,2906933,6234.53
09/19/17,42997,213,220.2,212.85,216.4,216.2,9580786,20840.29
09/18/17,42996,212.65,215,210.7,213.45,213.3,2491966,5303.92
09/15/17,42993,211,213.7,208.85,210.1,210.55,2608124,5500.51
09/14/17,42992,208.5,213.8,207.35,212.5,212.05,2980684,6266.23
09/13/17,42991,214.65,214.95,206.2,208.8,207.3,4637092,9768.64
09/12/17,42990,212,213.65,210.15,211.7,212.05,4884083,10349.32
09/11/17,42989,209.2,211.05,207.3,209.4,209.25,3393087,7098.12
09/08/17,42986,206.1,210.8,205.45,206.55,206.9,6430260,13393.1
09/07/17,42985,207.95,209.3,204.8,205.4,205.75,5862028,12129.82
09/06/17,42984,195.1,207.2,194.6,206.5,205.95,14490021,29584.24
09/05/17,42983,194.3,197.4,193.3,197.15,196.7,3442385,6738.89
09/04/17,42982,198,198.4,190.5,193.3,193.3,4372250,8461.6
09/01/17,42979,198.25,200.65,196.3,197.8,197.6,3401210,6743.59
08/31/17,42978,198.5,200.7,196.1,198.2,198,7760949,15413.6
08/30/17,42977,193,198.15,192.35,197.5,197.05,7173447,14034.74
08/29/17,42976,192.95,197.5,189.35,190.55,190.35,5679382,10969.25
08/28/17,42975,195,196.3,192.05,193.9,193.3,3684762,7147.52
08/24/17,42971,197.3,198.3,193.7,194.2,194.25,4587179,8960.23
08/23/17,42970,191.5,197.45,189.15,196.75,196.55,7522673,14522.9
08/22/17,42969,197.15,199.5,188.85,190.6,189.85,7466196,14417.1
08/21/17,42968,196.65,203,194.4,196.5,196.15,15744338,31403.67
08/18/17,42965,189.8,196.4,188.05,195.7,194.4,10030010,19308.69
08/17/17,42964,194,197.4,189.8,190.9,190.6,10381703,20050.09
08/16/17,42963,182.5,196.75,181.5,194,193.85,29191015,55755.08
08/14/17,42961,166,180.3,165.1,177.3,178.75,9368807,16312.73
08/11/17,42958,155.1,164.8,152.05,163.4,164.2,6027593,9628.51
08/10/17,42957,161.85,163.5,153.2,157.3,156,2470478,3921.42
08/09/17,42956,165.5,166.9,160.45,161,162.1,1267995,2082.83
08/08/17,42955,171.8,171.8,165.6,166.25,166,2372930,3988.91
08/07/17,42954,167,171.7,167,170.5,170.45,2548868,4339.35
08/04/17,42951,164.7,167.6,163.85,166.35,166.45,2298689,3815.79
08/03/17,42950,165.95,169.4,164.5,167,166.65,2895078,4845.26
08/02/17,42949,168,168.55,164.2,164.85,165.1,2009220,3334.75
08/01/17,42948,171,171.75,166.75,167.8,167.5,2140964,3622.9
07/31/17,42947,169.5,172.4,168.35,170.1,169.55,1896521,3230.5
07/28/17,42944,167.9,170.65,166.85,168.85,169.15,2290563,3860.48
07/27/17,42943,173.85,173.85,167.7,168.4,168.4,2370296,4031.92
07/26/17,42942,172,175.35,170.75,172.35,172.2,3803339,6583.98
07/25/17,42941,170.5,172.25,169.2,171.7,171.15,2103806,3600.42
07/24/17,42940,172.2,174.3,169.45,170.4,170,2636591,4536.3
07/21/17,42937,171.9,173.85,169.7,172.5,172.2,4670938,8039.92
07/20/17,42936,175.4,176.25,170.3,171,171.3,2791324,4827.35
07/19/17,42935,173.8,177.4,173.7,175.1,175.15,4161102,7313.99
07/18/17,42934,176.1,178.7,173.05,173.95,173.75,3264325,5734.23
07/17/17,42933,174.25,179.3,172.6,176.95,177,4882663,8646
07/14/17,42930,175.9,175.9,172.05,174.25,174.2,2831387,4932.13
07/13/17,42929,175.35,176.7,171.2,174.75,175.4,5222043,9084.43
07/12/17,42928,171.05,174.8,169,173.35,173.75,10623109,18368.34
07/11/17,42927,167.05,172.8,167.05,169.25,169.5,12571250,21392.59
07/10/17,42926,159,167.85,157.1,167.2,166.55,4761386,7866.08
07/07/17,42923,153.15,158.9,153.1,157.65,157.75,6442241,10106.02
07/06/17,42922,156.5,157.8,152.75,153.25,153.35,4873097,7546.37
07/05/17,42921,151.5,157.1,150,156.3,156.15,5849123,9038.88
07/04/17,42920,153.7,154.15,149.75,150.1,150.05,3080845,4670.92
07/03/17,42919,152.5,155.65,150.75,151.65,151.6,8680232,13243.65
06/30/17,42916,148,151.7,147.1,150.5,150.65,1854572,2787.02
06/29/17,42915,149.95,151.7,147.9,149.5,148.5,2280933,3427.43
06/28/17,42914,147.25,150.2,146.4,149,149.15,2135161,3171.42
06/27/17,42913,151.15,151.95,145.75,147.4,147.35,1465569,2168.84
06/23/17,42909,154.6,155,149.8,151.3,151.15,1980476,3003.79
06/22/17,42908,157,158.6,154,154.2,154.75,2216575,3452.47
06/21/17,42907,156.8,159.4,156.05,156.65,156.8,2770731,4366.89
06/20/17,42906,156.75,158.65,155.55,156.6,156.85,1212404,1905.12
06/19/17,42905,159,159.55,155.9,156.3,156.4,1362450,2137.51
06/16/17,42902,159.95,161.8,157.7,157.8,158.2,1968954,3144.41
06/15/17,42901,158.45,162.75,157.6,158.75,159.1,3647423,5845.75
06/14/17,42900,156.95,160.45,155.05,158.15,158.45,4815053,7637.53
06/13/17,42899,152.45,157.7,151.7,155.75,156.45,3463217,5359.78
06/12/17,42898,153.5,154.5,151.75,151.8,152.1,1438107,2198.67
06/09/17,42895,154.9,155.65,152.8,154,154.4,1319642,2033.52
06/08/17,42894,155.1,156.9,153.4,154.2,154.6,1479812,2293.76
06/07/17,42893,152.65,156.4,152.4,155.1,155.55,1943703,3006.86
06/06/17,42892,155,155.65,152.2,152.5,153,1290705,1983
06/05/17,42891,155.05,156.5,152.9,154.8,154.95,1647207,2549.95
06/02/17,42888,153.1,158.35,152.15,154.6,154.85,3603942,5621.37
06/01/17,42887,148.35,154,148.25,153.05,152.4,2952069,4485.21
05/31/17,42886,148.55,151,147.55,149.7,149.4,3325237,4964.89
05/30/17,42885,145,146.2,143.7,145.45,145.55,1513053,2196.49
05/29/17,42884,147.2,147.5,143.9,144.9,145.4,977041,1425.46
05/26/17,42881,144,147.25,143.5,146.9,146.9,1417686,2068.14
05/25/17,42880,143.45,144.65,142.1,143.25,143.05,1842806,2641.78
05/24/17,42879,145.2,146.1,140.2,142,141.7,1755862,2511.75
05/23/17,42878,148.05,148.4,143.65,144.7,144.75,1355129,1972.13
05/22/17,42877,149.8,151.15,147.2,147.95,147.8,1098727,1636.02
05/19/17,42874,149.5,153.8,148.35,149.3,149.5,2744849,4157.98
05/18/17,42873,152,152.6,147,147.1,147.5,1233917,1847.07
05/17/17,42872,154,154.65,152.5,152.5,152.85,1161590,1779.67
05/16/17,42871,154.6,155.45,153,153.85,154.45,1306020,2013.41
05/15/17,42870,152.65,155,152.45,154.55,154.6,1012554,1558.96
05/12/17,42867,154,154.75,151.65,152.6,152.65,940916,1435.63
05/11/17,42866,155,156.2,153.2,153.75,154,589464,910.88
05/10/17,42865,154.9,156.35,153.9,154.65,154.85,1186929,1838.9
05/09/17,42864,153.2,155.15,152.55,154,154.05,939148,1444.34
05/08/17,42863,152.8,154.15,151.95,152.45,152.6,1239593,1897.26
05/05/17,42860,156.5,156.5,151.1,152,152.3,1349536,2073.09
05/04/17,42859,156.3,158.3,154.8,155,155.35,1653237,2581.07
05/03/17,42858,158.85,158.85,155.55,156.25,156.2,1523044,2385.92
05/02/17,42857,154.3,161.45,153.75,157.5,157.7,6827849,10835.58
04/28/17,42853,153.4,154.7,152,152.8,153.1,1132516,1736.48
04/27/17,42852,155,155.4,151.55,152,152.1,1388038,2122.54
04/26/17,42851,152.45,156.6,151.6,154.05,153.75,4161713,6433.14
04/25/17,42850,152.4,153.15,151,151.6,151.7,945527,1437.23
04/24/17,42849,151,153.25,151,151.5,151.95,1079887,1642.96
04/21/17,42846,153.5,153.9,149.7,151.2,151.3,1293698,1966.07
04/20/17,42845,150.25,153.6,150.25,152,152.15,1540540,2346.43
04/19/17,42844,147.9,150.8,147.5,150.6,150.2,1092317,1632.17
04/18/17,42843,149.1,152.5,147.5,147.7,148.15,1563947,2356.03
04/17/17,42842,151,151,148.55,149.05,149.45,830703,1242.12
04/13/17,42838,152,153,149.8,150,150.5,1272204,1929.81
04/12/17,42837,153.95,153.95,150.3,151.8,151.75,1907247,2899.6
04/11/17,42836,151.5,153.75,151.05,153.7,153.4,2064221,3146.21
04/10/17,42835,151.5,152.25,149.4,150.55,150.95,1857915,2800.01
04/07/17,42832,152.8,154.45,150,150,150.6,1444642,2202.25
04/06/17,42831,152.9,154.35,151.25,152.55,153.05,2295942,3509.67
04/05/17,42830,152.8,154.8,151,152.75,152.65,2011288,3079.38
04/03/17,42828,150.65,153.5,150.3,151.3,151.9,1788548,2722.96
03/31/17,42825,151.45,152.1,150.1,150.5,150.55,1193137,1803.31
03/30/17,42824,151.45,152.75,149.7,150,150.15,3022795,4557.84
03/29/17,42823,151.7,153,149.5,150.1,150.6,2092924,3168.41
03/28/17,42822,149.9,153.9,148,153,150.55,2740120,4110.55
03/27/17,42821,151,151.9,148,148,148.6,2933289,4381.41
03/24/17,42818,152.9,153.15,150.5,150.85,151.15,3485991,5286.28
03/23/17,42817,143.9,152.5,143.2,151.7,151.6,6422298,9552.1
03/22/17,42816,145.55,145.55,142.2,142.75,143.1,2306755,3313.05
03/21/17,42815,147,148.45,145.1,145.6,145.9,2955856,4332.96
03/20/17,42814,144.8,147.45,144.8,146.55,146.45,2675495,3920.26
03/17/17,42811,145.7,145.7,142.25,144.5,144.8,1898811,2738.14
03/16/17,42810,141.6,145.5,141.35,144.45,144.7,3987646,5746.46
03/15/17,42809,139.6,142.1,139.3,140.95,140.9,1279451,1805.03
03/14/17,42808,140.2,140.4,138.6,139.6,139.5,838219,1169.88
03/10/17,42804,140.85,142.25,136.75,137.15,137.1,1671172,2322.75
03/09/17,42803,140.6,142.35,140.2,140.6,140.8,1073015,1515.67
03/08/17,42802,142.4,143,140.05,140.8,141.4,1103877,1561.79
03/07/17,42801,143,144.15,142.2,142.4,142.75,727617,1040.72
03/06/17,42800,143.95,145.2,142.1,142.8,143.25,2043052,2933.15
03/03/17,42797,141.1,144.2,140.1,143.25,143.35,1672938,2381.46
03/02/17,42796,145.45,145.75,140.05,141.1,141.1,1765255,2518.52
03/01/17,42795,138.5,145.8,138.25,144.1,143.6,4919352,7066.2
02/28/17,42794,139.15,139.85,136.75,138.15,138.05,1513693,2088.58
02/27/17,42793,139,140.45,138.35,138.45,138.9,1129032,1574.65
02/23/17,42789,140.05,140.9,138.7,139.1,139.25,1340126,1871.67
02/22/17,42788,142.55,142.75,139.6,139.75,140,1296093,1827.19
02/21/17,42787,142.15,143.2,141,141.7,141.6,1671915,2369.22
02/20/17,42786,141,142.6,139.8,141.4,141.6,1517679,2144.39
02/17/17,42783,140.9,141.95,139.65,139.8,140.15,952450,1341.58
02/16/17,42782,139.2,140.7,138.1,140.65,140.1,942382,1314.08
02/15/17,42781,140.9,142.85,138,138.4,138.75,1193620,1672.79
02/14/17,42780,142.4,143.7,139.95,140.9,141.2,1395593,1978.89
02/13/17,42779,144.9,146.85,141.25,141.5,141.95,2224197,3183.39
02/10/17,42776,143.95,145.5,142.6,144,143.95,1367413,1969.94
02/09/17,42775,146,147.15,143.05,143.75,143.9,1726818,2498.72
02/08/17,42774,141.95,146.9,141.35,145.85,146.15,2162887,3121.95
02/07/17,42773,142.1,145.8,140.1,141.9,141.65,2205918,3157.09
02/06/17,42772,141.9,144.75,141.2,142.8,142.75,2127506,3039.13
02/03/17,42769,138.2,143.9,137.1,141.55,141.85,3569132,5036.55
02/02/17,42768,132.45,138.8,132.4,137.4,137.65,6652685,9084
02/01/17,42767,129.05,130.65,127.35,129.85,130.1,1221969,1580.78
01/31/17,42766,130.5,132,128.5,128.7,128.85,1614154,2100.16
01/30/17,42765,129.1,131.8,128.1,130.25,130.45,1256759,1635.01
01/27/17,42762,128.35,129.95,128.35,128.8,129.2,759876,982.7
01/25/17,42760,129.25,129.25,127.45,128.3,128.35,909771,1166.6
01/24/17,42759,128.8,128.95,126.85,128.5,128.45,996229,1272.85
01/23/17,42758,127.6,128.4,126.6,127.65,127.9,746313,952.83
01/20/17,42755,130.25,131.35,126,126.9,126.4,961631,1233.64
01/19/17,42754,129.8,131.55,129.15,130.25,130.5,1308883,1708.02
01/18/17,42753,128,130.45,127.7,128.5,128.65,1059940,1367.68
01/17/17,42752,128.6,129.4,126.55,127.5,127.6,851814,1090.57
01/16/17,42751,128.2,128.4,127,127.6,127.65,538746,688.06
01/13/17,42748,126.9,130.9,126.65,128.15,128.35,3617760,4668.88
01/12/17,42747,128.3,128.4,124.05,124.9,125.15,1403598,1764.05
01/11/17,42746,125,127.9,124.55,127.65,127.55,839283,1061.75
01/10/17,42745,125.5,125.5,123.8,124.5,124.45,533212,663.16
01/09/17,42744,124.75,125.5,123.95,124.75,124.75,414927,517.65
01/06/17,42741,125.4,126.95,124.05,124.5,124.65,1255021,1573.67
01/05/17,42740,124.75,125.65,124.55,125.3,125.2,503565,630.23
01/04/17,42739,125,126.05,123.8,124.1,124.45,656213,818.98
01/03/17,42738,122.8,125.4,122.8,124.75,124.45,580430,721.93
01/02/17,42737,122.8,124.2,121.35,123.55,123.55,1102178,1354.06
12/30/16,42734,121.1,123.3,121.1,122,122,1017447,1244.54
12/29/16,42733,119.6,122.15,119.6,121.3,121.1,1025503,1241.44
12/28/16,42732,119.2,122,119.2,119.8,119.6,866902,1047.42
12/27/16,42731,117,121.05,116.45,120.05,120.55,728501,870.77
12/26/16,42730,118.8,118.85,116.3,117.4,117,425216,498.73
12/23/16,42727,119.5,119.8,118,118.7,118.85,749376,891.02
12/22/16,42726,122.4,122.4,119,119.3,119.4,839802,1006.49
12/21/16,42725,120.75,122.95,120.75,121.95,121.6,677057,826.44
12/20/16,42724,124.8,125,120.75,121.2,121.25,646197,790.28
12/19/16,42723,124.8,126.1,124,124.05,124.3,923038,1153.8
12/16/16,42720,125,125,122.95,124,124.3,804735,997.33
12/15/16,42719,122.5,126.85,122.2,124.4,124.45,2212399,2759.52
12/14/16,42718,123.85,124.8,122.4,122.95,122.75,826188,1021.86
12/13/16,42717,124.05,125,123.05,123.4,123.35,502421,621.51
12/12/16,42716,123.9,125,122.1,123.45,123.35,760874,942.51
12/09/16,42713,124.35,124.6,123.5,123.7,123.9,920060,1141.18
12/08/16,42712,123,125.1,123,123.75,123.85,1090370,1354.02
12/07/16,42711,124.35,124.5,120.75,122.5,122.3,1217621,1497.39
12/06/16,42710,123.8,125.25,122.8,123.6,123.4,1486818,1846.66
12/05/16,42709,121.45,124.85,121.1,124,123.65,1401882,1726.87
12/02/16,42706,121.5,123.4,120.3,121.7,121.55,1343432,1636
12/01/16,42705,124.65,124.65,121.55,121.85,121.9,1205710,1487.76
11/30/16,42704,122.95,124.4,122.5,123.8,123.85,1616908,1998.63
11/29/16,42703,122.8,124.2,121.5,122.45,121.95,1993986,2444.39
11/28/16,42702,118.55,121.8,117.5,120.75,120.95,1738935,2098.12
11/25/16,42699,116,119.2,115.6,118.8,118.5,1474301,1729.5
11/24/16,42698,117.65,117.65,114.5,115.2,115.1,2220419,2571.17
11/23/16,42697,118.8,118.9,116.85,117.75,117.65,2170944,2551.58
11/22/16,42696,117.8,118.8,116.05,117.45,117.3,3411500,3996.57
11/21/16,42695,120.1,121.8,114.9,115.8,115.65,1976322,2322.63
11/18/16,42692,118.9,121,118.3,120.9,120.1,2008909,2408.65
11/17/16,42691,121.7,122.8,115.2,118.4,118.6,1306586,1571.34
11/16/16,42690,123.1,125.3,120.4,120.8,121.3,4703414,5766.07
11/15/16,42689,119.8,119.8,114.25,116.9,117,2405650,2821.05
11/11/16,42685,123,125.35,117.25,119.8,118.65,3058329,3676.04
11/10/16,42684,124,127.1,123.65,125.3,125.4,2170482,2726.12
11/09/16,42683,118,122.9,114.95,122.3,121.9,5272740,6252.64
11/08/16,42682,130,131,126.55,127.95,127.45,2758553,3546.48
11/07/16,42681,127.7,130.4,127.25,128.35,128,1948286,2510.17
11/04/16,42678,131,132,126,126.4,126.85,4614456,5932.76
11/03/16,42677,134.1,136.25,130.8,131.5,131.35,2063211,2736.84
11/02/16,42676,138,138,134.5,134.95,134.95,2026448,2751.99
11/01/16,42675,139.4,140.75,138.3,138.5,138.6,1497745,2087.7
10/30/16,42673,140.65,141,139,139.2,139.4,428310,598.95
10/28/16,42671,138,141.3,138,139.5,139.95,2281364,3195.54
10/27/16,42670,139.5,141.2,135.65,138,137.75,8524741,11813.66
10/26/16,42669,148,151.2,144.05,144.5,145.4,3586046,5290.8
10/25/16,42668,149.05,151.75,148.4,149.95,150,3234883,4848.43
10/24/16,42667,152.9,156,152,153.5,154.05,2715234,4200.26
10/21/16,42664,152.45,154.2,151.15,151.95,152.5,1751366,2667.13
10/20/16,42663,155.95,156.65,151.95,152.5,152.35,2780284,4276.92
10/19/16,42662,152,157.7,150.85,154.15,154.6,6685790,10411.71
10/18/16,42661,150.95,152.7,150.75,151.4,151.9,2736835,4153.1
10/17/16,42660,153,154.25,149.2,150.15,150.25,3180180,4826.62
10/14/16,42657,149,154.2,147.4,153.3,153.2,3968866,6001.16
10/13/16,42656,151.45,153,145.1,147.5,147.85,3116651,4631.63
10/10/16,42653,151.9,153.95,151.1,152.15,151.65,2063455,3145.51
10/07/16,42650,152.3,154.5,150.6,151.4,151.25,4097231,6233.4
10/06/16,42649,153.95,155.45,148.6,151.25,150.9,6256632,9528.1
10/05/16,42648,141.95,154.4,140.45,152.85,153.3,9741635,14554.9
10/04/16,42647,142.5,143.25,138.75,142,141.8,2678079,3782.65
10/03/16,42646,140.95,143.15,139.8,142.45,142.35,1927658,2741
09/30/16,42643,136.95,140.9,136.2,139.55,139.6,1471713,2041.23
09/29/16,42642,147.9,148,134.35,137.4,137,4753568,6621.12
09/28/16,42641,148.1,149.15,145.6,146.85,146.75,6464628,9527.29
09/27/16,42640,140.9,146.4,140.55,146.25,144.55,3316650,4746.09
09/26/16,42639,143.45,144.25,140,140.45,140.65,2769361,3938.54
09/23/16,42636,138.9,144,138.1,142.25,142.4,3538509,5004.07
09/22/16,42635,139.15,139.95,137.7,138.55,138.9,1204798,1671.52
09/21/16,42634,138,140.35,137.6,138,138.05,1635459,2272.11
09/20/16,42633,139.7,140.35,137.5,137.65,138,1787917,2480.4
09/19/16,42632,139.85,141.3,138.95,139.55,139.9,1362666,1906.02
09/16/16,42629,138.35,141.7,137.85,139.7,139.85,3029995,4235.35
09/15/16,42628,137.35,138.5,136.3,137,137,1451283,1991.88
09/14/16,42627,135.2,138.2,135.1,137.5,137.45,1045853,1429.46
09/12/16,42625,137.9,138.4,134.95,135.5,135.3,2248691,3060.59
09/09/16,42622,142.2,142.7,138.8,139.5,139.7,1199464,1687.44
09/08/16,42621,142.25,143.5,141.8,142.25,142.2,1155009,1647
09/07/16,42620,141.75,144.2,141.3,142.5,142.2,2381717,3401.42
09/06/16,42619,141.9,143.25,141.25,141.7,141.75,1300643,1852.52
09/02/16,42615,141.4,142.6,141,141.8,141.6,1681308,2384.65
09/01/16,42614,140.25,143.35,140,141.1,141.1,2493654,3534.56
08/31/16,42613,140.1,141.6,140,140.1,140.25,1401308,1969.16
08/30/16,42612,139.65,140.75,138.75,140.1,140.2,1832319,2561.91
08/29/16,42611,140.55,141.15,137.8,139.05,139,1604324,2231.58
08/26/16,42608,141,141.7,138.9,139.8,139.9,1468343,2058.33
08/25/16,42607,143.4,145.5,140.1,140.6,140.45,4868511,6958.79
08/24/16,42606,140.4,142.45,139.8,140.2,140.25,2956023,4163.7
08/23/16,42605,138.7,141,138.4,139.9,139.6,1282978,1791.19
08/22/16,42604,142,142.05,138,138.4,138.4,1398679,1947.98
08/19/16,42601,139.85,141.85,138.75,141.05,141.25,2298138,3228.51
08/18/16,42600,138.45,139.55,137.85,138.75,138.85,901208,1250.08
08/17/16,42599,138.8,139.4,137.15,137.7,137.65,778141,1074.7
08/16/16,42598,136.9,139.1,136.1,137.65,138.05,1518494,2088.3
08/12/16,42594,137.8,139.45,136,136.75,136.95,1024054,1414.49
08/11/16,42593,137.5,139.25,135.75,137.9,137.3,1140212,1568.72
08/10/16,42592,144.25,144.5,137.25,137.45,137.75,3289526,4614.1
08/09/16,42591,143.9,147,139.15,142.7,143.25,8549636,12302.18
08/08/16,42590,138.55,143.5,138.4,142.7,142.9,2430227,3446.81
08/05/16,42587,138.5,140.65,138.5,139.45,139.1,1427614,1988.02
08/04/16,42586,136,139.4,135.5,138.15,138.3,1515003,2088.78
08/03/16,42585,138.4,140.05,135.1,135.6,135.75,1451654,1996.69
08/02/16,42584,141,141.8,138.1,138.4,138.4,1175233,1646.87
08/01/16,42583,143,144.85,138.25,141,141,1987955,2823.73
07/29/16,42580,140.9,144.7,139.2,142.5,142.15,3056272,4351.61
07/28/16,42579,138,142.25,136.55,140.1,140.15,3754038,5255.56
07/27/16,42578,131.45,138.75,131.45,137.65,137.45,3576969,4878.82
07/26/16,42577,133.45,134.55,130.55,131.2,131.15,1271947,1687.67
07/25/16,42576,131.75,134,131.2,133.25,133.45,1656721,2195.84
07/22/16,42573,131.9,132.9,131.2,131.3,131.5,2012357,2649.89
07/21/16,42572,134.8,134.8,131.15,131.55,131.8,1884426,2501.25
07/20/16,42571,130.35,134.8,130.35,133.9,133.85,1887075,2518.99
07/19/16,42570,131.5,131.5,128.8,130.95,130.05,3903542,5074
07/18/16,42569,133,133.45,129.15,129.55,129.95,2283784,3004.79
07/15/16,42566,134,134.5,132.25,132.6,132.6,1587827,2112.71
07/14/16,42565,132.9,133.3,131.6,132.9,132.6,1093389,1448.93
07/13/16,42564,132.9,133.8,131.1,132.2,132.15,1306338,1726.29
07/12/16,42563,133.45,135.15,132.5,132.75,132.9,1612081,2157.91
07/11/16,42562,134,135,132.7,133.1,133.1,1689644,2259.91
07/08/16,42559,134.45,134.6,131.45,132.55,132.6,1296935,1718.88
07/07/16,42558,133.5,136.4,133.45,134.4,134.45,2125346,2871.1
07/05/16,42556,134.25,136.15,133.2,133.75,133.9,942568,1269.1
07/04/16,42555,135.6,135.8,133.8,134.5,134.1,1144671,1539.68
07/01/16,42552,132,136.75,131.5,134.25,134.9,5379977,7243.79
06/30/16,42551,130.5,131.95,129.45,131.6,131.2,2810587,3671.52
06/29/16,42550,128.15,130.9,128.1,129.55,129.7,2735697,3551.68
06/28/16,42549,127.5,128.6,126.75,128.25,127.85,2563561,3275.46
06/27/16,42548,124.75,126.4,124.3,125.95,125.95,2162032,2715.77
06/24/16,42545,120.5,124.85,117.1,123.4,124.25,3585896,4327.25
06/23/16,42544,127.5,128.15,125.6,126.4,126.75,1408701,1784.79
06/22/16,42543,125.6,128.65,124.7,127,127.25,2792498,3546.81
06/21/16,42542,126.3,126.8,125.1,125.15,125.45,447117,563.25
06/20/16,42541,124.55,127.15,124.55,126,126.15,732869,923.88
06/17/16,42538,126.5,128.35,124.7,125.4,125.7,1717907,2178.65
06/16/16,42537,126.9,128.55,123.8,125.8,126.1,1489092,1881.45
06/15/16,42536,127.25,128.15,126.6,126.75,127,1662070,2116.66
06/14/16,42535,129.4,129.5,126,126.35,126.5,2902578,3705.09
06/13/16,42534,122,129,122,127.9,128.15,4305954,5461.09
06/10/16,42531,125.3,126,122.7,123.75,123.65,900666,1119.05
06/09/16,42530,127.3,127.45,124.6,125.05,124.95,2825223,3554.62
06/08/16,42529,119.3,126.5,118.9,126,124.4,2390316,2952.57
06/07/16,42528,119.4,120.35,118.85,119.7,119.35,690551,826.5
06/06/16,42527,120.35,121.2,118.6,119.35,119.3,866406,1034.82
06/03/16,42524,120.95,122.1,119.7,120.35,120.2,1783456,2152.68
06/02/16,42523,118.5,119.8,117.65,119.65,119.25,549738,651.64
06/01/16,42522,118.2,119.45,117.85,117.9,118.05,581341,689.22
05/31/16,42521,117.8,119.1,117.55,118.1,117.75,658231,777.45
05/30/16,42520,118,119.65,117.3,117.9,117.95,692008,819.71
05/27/16,42517,118.1,119.4,116.85,117.05,117.3,676137,797.88
05/26/16,42516,120,120.25,118.15,118.35,118.6,1383549,1646.87
05/25/16,42515,120,121,119.15,119.5,119.5,1787665,2143.66
05/24/16,42514,121.7,122.2,119.7,121.7,121.75,1438192,1732.8
05/23/16,42513,120.5,124.1,119.7,120.5,120.4,1396870,1705.09
05/20/16,42510,119.9,121.15,119.5,120.1,120.05,466672,561.05
05/19/16,42509,120,122,118.95,119.8,119.95,1085102,1306.62
05/18/16,42508,120,121.75,119.55,120.65,120.95,641976,776.14
05/17/16,42507,121,121.4,119.6,120.5,120.35,1068540,1287.08
05/16/16,42506,119.55,121,118.45,120.75,120.65,688646,825.83
05/13/16,42503,118,120.7,118,119.5,119.55,1103386,1319.18
05/12/16,42502,117.75,119.2,117.25,119,118.95,596225,704.54
05/11/16,42501,117,118.25,116.3,117.5,117.3,622661,731.78
05/10/16,42500,119,119.95,118,118.4,118.2,526190,625.29
05/09/16,42499,118.9,120.4,117.45,118.6,118.75,1207381,1437.25
05/06/16,42496,116.55,119.5,115.8,118.7,118.1,654231,772.29
05/05/16,42495,117,117.8,115.3,117,116.35,745000,868.5
05/04/16,42494,119.8,119.8,116.3,116.65,116.95,894057,1054.9
05/03/16,42493,121.6,122.55,119.15,119.2,119.45,1356187,1638.36
05/02/16,42492,119.35,121.8,119,121.7,121.1,717595,860.64
04/29/16,42489,121,121.05,119,120.1,120.05,869948,1042.22
04/28/16,42488,122.5,123.5,120,120.4,120.3,2142054,2587.18
04/27/16,42487,122.5,123.95,121.95,122.4,122.4,1949554,2396.79
04/26/16,42486,120.6,122.5,120.6,121.55,121.8,984070,1199.34
04/25/16,42485,120.4,121.9,120,120.9,121.2,782130,943.57
04/22/16,42482,119,121.85,119,120.3,120.25,716365,863.98
04/21/16,42481,122.4,122.75,119.55,120.1,120.1,892645,1079.74
04/20/16,42480,120.2,123.2,119.55,121.8,121.85,1572869,1904.59
04/18/16,42478,120.85,121,119.1,120.4,120,765331,918.68
04/13/16,42473,119.05,121.35,118.95,120.5,120.65,928735,1116.52
04/12/16,42472,119.5,120.1,118.05,118.6,118.35,788617,938.67
04/11/16,42471,118,120.25,117.85,119.35,119.5,1050521,1254.56
04/08/16,42468,118.5,119,117,117.6,117.7,648096,765.29
04/07/16,42467,118.1,120.4,118.1,118.4,118.7,1147382,1370.59
04/06/16,42466,119.6,120,115,118.35,118.85,1327276,1576.32
04/05/16,42465,121,121.15,118,118.2,118.25,1663091,1986.04
04/04/16,42464,122.85,123.45,120.75,120.85,121.2,831737,1013.25
04/01/16,42461,122,124.2,120.2,122.15,122.55,1532533,1873.57
03/31/16,42460,122,122.3,120.3,121.2,121.25,1627181,1972.21
03/30/16,42459,119.9,125,119.5,121.45,121.4,1922207,2319.85
03/29/16,42458,119.1,120.4,118.4,119,119.3,3588313,4282.06
03/28/16,42457,120,121,118.5,119.05,119.4,1382616,1653.92
03/23/16,42452,121.6,122.15,118.65,119.5,119.45,1230385,1478.76
03/22/16,42451,121.05,123.3,120.45,121.5,121.4,1469400,1792.49
03/21/16,42450,119.2,120.9,118.75,119.7,119.9,839802,1006.63
03/18/16,42447,116.5,119.65,115.95,118.6,118.9,2062464,2442.85
03/17/16,42446,116,116.95,115,116,115.8,1396728,1617.02
03/16/16,42445,115.7,116.1,114.1,115.25,115.1,964165,1109.23
03/15/16,42444,116,116.4,115,115.7,115.45,1082982,1250.14
03/14/16,42443,116.05,117.35,113.9,115.5,115.65,1609295,1852.75
03/11/16,42440,116.55,117.6,115.05,115.95,115.85,1170769,1358.32
03/10/16,42439,117.8,118.1,115.4,116.9,116.45,1177827,1370.57
03/09/16,42438,115.65,117.5,114.55,116.7,116.85,1555016,1812.31
03/08/16,42437,114.3,116.4,113.1,115.6,115.65,1677380,1927.34
03/04/16,42433,110,113.9,109.15,113.75,113.25,1377634,1536.64
03/03/16,42432,110.5,111.25,107.95,109.85,109.5,1260507,1382.47
03/02/16,42431,110,112.75,109.45,109.6,109.9,1220668,1351.06
03/01/16,42430,104.2,109.5,104.2,109,108.9,1481271,1591.12
02/29/16,42429,105,107.1,101.6,103.8,103.55,1639500,1719.38
02/26/16,42426,107.95,108.5,103.8,104.8,104.75,2381968,2512.03
02/25/16,42425,107.8,108.05,102.5,107.2,106.2,9364686,9939.52
02/24/16,42424,106.2,108.3,105,106.8,106.7,758132,809.55
02/23/16,42423,109,109.5,105.1,106.5,106.65,1037357,1111.6
02/22/16,42422,107.3,109.85,107,109,109.1,1151733,1253.34
02/19/16,42419,105,108.2,104.25,107.25,107.3,1340622,1431.57
02/18/16,42418,105.4,106.5,102.5,105,104.55,1429030,1493.94
02/17/16,42417,103,104.6,101.1,104.35,104,1268061,1304.05
02/16/16,42416,107.7,108.9,102.2,102.6,102.65,1341261,1412.03
02/15/16,42415,105.1,108.45,105.1,105.9,106,1091675,1163.62
02/12/16,42412,103.25,106.4,100,104.45,104.3,2087141,2152.86
02/11/16,42411,112.7,115.8,102.4,107,105.25,5524328,6005.93
02/10/16,42410,120.5,121,116.45,118.65,118.35,1654991,1954.04
02/09/16,42409,123,124.4,120.1,121.25,120.75,1109232,1349
02/08/16,42408,123.05,126.1,122.5,123.85,123.9,1227619,1528.91
02/05/16,42405,121.9,123.95,121.45,123.5,122.5,797137,976.55
02/04/16,42404,123.1,123.4,120.4,122.5,121.6,1120485,1366.68
02/03/16,42403,123.05,124.8,121,121.65,121.75,877186,1080.52
02/02/16,42402,127.4,127.7,123.55,124.1,124.25,734748,923.04
02/01/16,42401,126.8,128.3,125.2,126.6,126.6,592819,752.61
01/29/16,42398,124.1,127.45,123.35,126.75,126.5,925581,1162.35
01/28/16,42397,124.95,125.4,122.6,123.2,123.15,1539708,1901.94
01/27/16,42396,124.95,125.95,123.3,124.45,124.45,655053,815.65
01/25/16,42394,125.85,127,123.4,124.15,124.3,682689,855.91
01/22/16,42391,123.85,126.9,121.95,125.3,125.55,1084192,1349.05
01/21/16,42390,123.05,124.55,119.5,121.55,121.75,1322358,1613.85
01/20/16,42389,124.6,124.6,120.5,122.8,122.55,1278069,1560.91
01/19/16,42388,122.95,127,121.55,126.45,126.4,1411260,1766.28
01/18/16,42387,128,129,121.05,122,121.85,2065711,2571.55
01/15/16,42384,135,135.4,127.5,127.65,128.5,1756768,2297.61
01/14/16,42383,132.1,136.25,131.15,133.9,134.05,1431102,1916.53
01/13/16,42382,141.75,141.95,130.3,135.4,135.6,1907971,2586.28
01/12/16,42381,142.4,143.45,138.05,139.9,139.5,1353097,1896.92
01/11/16,42380,143.2,144,140.95,141.6,141.9,1201860,1714.3
01/08/16,42377,140.65,146.75,140.1,144.1,144.45,1284440,1841.84
01/07/16,42376,144.1,144.7,139,139.5,140.05,1034747,1461.84
01/06/16,42375,147.1,149.8,144.5,145.2,145.25,834054,1225.47
01/05/16,42374,144,149.5,142.2,148.65,148.35,1502760,2195.84
01/04/16,42373,145.9,147.2,142.25,143,143.7,950484,1367.84
01/01/16,42370,146.05,148.8,145.5,146.4,146.4,781067,1148.71
12/31/15,42369,147,148,144.2,146.5,146.2,1464755,2140.74
12/30/15,42368,142.5,147.4,141.5,146.25,146.35,1746109,2531.27
12/29/15,42367,144.4,144.4,141.2,141.9,141.9,1260484,1794.94
12/28/15,42366,144.9,145.25,143.45,143.85,144.05,780709,1125.27
12/24/15,42362,143,146.45,142,144.6,144.8,1428993,2070.14
12/23/15,42361,142,142.8,141.05,142.15,142,561726,796.72
12/22/15,42360,143.6,144,140.3,141,141.2,609093,864.77
12/21/15,42359,141.55,144.3,141.3,142.95,142.9,1040800,1486.74
12/18/15,42356,142.45,144,141,142.2,141.9,1147660,1633.27
12/17/15,42355,137.6,142.8,136.3,142.35,142.2,1707401,2391.93
12/16/15,42354,134.4,138.85,134.15,137.2,136.55,1191657,1629.29
12/15/15,42353,134.85,134.85,132.75,134,133.85,589790,789.08
12/14/15,42352,131.9,135,131.65,134.2,134.35,773849,1035.44
12/11/15,42349,135.3,135.8,131.2,133.5,133.2,836942,1118.18
12/10/15,42348,132.15,135.8,131.9,135,135.3,704236,947.59
12/09/15,42347,135.15,136.3,130.4,132.2,132.15,1152536,1547.19
12/08/15,42346,134.95,138.5,134.5,134.6,135,1271238,1729
12/07/15,42345,134.1,135.8,134.1,135.2,135.35,476940,644.25
12/04/15,42342,134,135,132.75,133.6,133.65,758581,1014.28
12/03/15,42341,136.1,136.8,134.2,134.9,134.9,689892,932.1
12/02/15,42340,136.4,137.8,135,135.95,136.2,565383,771.53
12/01/15,42339,138.05,139.1,135,135.85,136.25,911482,1240.7
11/30/15,42338,138,138.1,135.9,137.55,137.55,849968,1165.48
11/27/15,42335,134.9,138.4,134.9,136.95,136.95,1152280,1578.15
11/26/15,42334,134.6,136.25,134.15,136,134.95,1904180,2570.62
11/24/15,42332,133,135.7,132.5,134.65,134.35,613392,825.13
11/23/15,42331,134.8,135,131.25,133.15,132.95,842444,1119.09
11/20/15,42328,131.05,136,131.05,134.25,133.8,1149754,1547.91
11/19/15,42327,129.6,131.4,129.25,131.25,130.9,488288,637.58
11/18/15,42326,133.65,133.65,128.1,128.2,128.75,922793,1205.33
11/17/15,42325,129.7,134,128.3,133.95,132.5,1152357,1523.05
11/16/15,42324,127.8,129.4,126.5,128,128.15,580961,744.3
11/13/15,42321,128,129,126.25,127.75,128,737584,940.98
11/11/15,42319,126.7,130,126.7,128.2,127.9,100180,128.04
11/10/15,42318,127.3,128.45,125.3,125.7,125.7,525833,666.03
11/09/15,42317,124.9,129.45,123,129.15,128.8,1107840,1418.14
11/06/15,42314,126.8,128.25,124.75,125.85,125.85,858491,1083.85
11/05/15,42313,131.75,132.6,127.5,127.5,128,892494,1160.19
11/04/15,42312,132,133.5,131.4,131.85,131.75,557561,739.23
11/03/15,42311,133.3,134.15,130.8,131.5,131.75,519168,686.8
11/02/15,42310,134,135,130.95,132.6,132.65,621684,822.29
10/30/15,42307,137,137.25,131,134.4,133.45,774022,1040.85
10/29/15,42306,135.9,138.5,134.8,136.05,135.9,2084196,2844.74
10/28/15,42305,135.8,136.95,135,135.75,135.6,593469,807.08
10/27/15,42304,138.7,139.1,135.1,135.55,135.8,881996,1204.09
10/26/15,42303,138.4,140.2,137.2,138.9,138.9,734224,1020.96
10/23/15,42300,138.7,140,136.85,138,137.8,413539,572.15
10/21/15,42298,139.7,139.7,135.6,137.45,137.55,589717,812.5
10/20/15,42297,134.7,141.9,134.65,139,139.4,2469431,3446.98
10/19/15,42296,133.6,135.1,133.25,134.45,134.7,405056,544.71
10/16/15,42293,135,135.2,132.6,133.65,134,357403,477.91
10/15/15,42292,134.2,135,133.2,134.3,134.7,591991,794.31
10/14/15,42291,133,135,132.4,134.2,134,1428493,1914.35
10/13/15,42290,134.55,134.7,131.7,132.05,132.3,1028678,1368.62
10/12/15,42289,135,136,133.9,134.5,134.55,566886,764.14
10/09/15,42286,134,135.35,133.35,134.6,134.7,1317037,1775
10/08/15,42285,134.9,134.9,131.85,133.8,133.35,846622,1126.76
10/07/15,42284,132.1,133.95,131.6,132.6,133.05,994870,1320.85
10/06/15,42283,132.5,132.55,129.6,130.8,130.55,1009128,1321.99
10/05/15,42282,131.45,132.45,130.1,131.85,131.85,746173,980.21
10/01/15,42278,128.95,131.2,127.4,129.85,130.05,1218988,1576.66
09/30/15,42277,127.4,129.4,126.65,127.65,127.8,915110,1171.44
09/29/15,42276,126.5,127.6,123.1,126,126.6,1009942,1269.48
09/28/15,42275,125,128,123.8,127.1,127.1,1253307,1587.58
09/24/15,42271,124.8,125.95,123.65,124,124.2,1011551,1258.15
09/23/15,42270,123.35,125.35,122.25,124.95,125,1055109,1308.78
09/22/15,42269,126.2,127,122.9,124,123.9,1284630,1605.09
09/21/15,42268,123.05,126.2,123.05,125.3,125.5,623623,782.08
09/18/15,42265,124,126,122.9,125.3,125.45,1284690,1602.92
09/16/15,42263,126.95,126.95,122.15,123,123.1,695624,859.2
09/15/15,42262,124.05,126.45,124.05,125,125.4,939558,1176.89
09/14/15,42261,124.1,124.5,121.65,124.1,124.05,789201,970.86
09/11/15,42258,124.8,125.3,122.7,122.95,123.25,784377,972.27
09/10/15,42257,122,124.6,120,123.35,123.75,1042265,1276.1
09/09/15,42256,122.1,124.5,121.55,123.2,123.65,1569358,1940.34
09/08/15,42255,121.4,122.1,117,120.7,120.95,1414288,1692.06
09/07/15,42254,121.6,122.45,118.35,119.9,120.45,1349442,1626.4
09/04/15,42251,124.55,124.55,116.75,120.75,120.2,2496844,2994.97
09/03/15,42250,120.75,125,119,124.6,124.15,4688477,5772.22
09/02/15,42249,116.1,119.35,115.5,118.65,118.85,1927201,2277.36
09/01/15,42248,118.75,118.75,114.05,115.05,115.2,2716732,3164.18
08/31/15,42247,117.8,120.15,116.85,119.7,119.6,2010188,2394.47
08/28/15,42244,118.35,120.4,117,117.85,118.15,3490011,4145.58
08/27/15,42243,119.25,119.45,115.9,116.3,116.35,6857158,8010
08/26/15,42242,117.95,119.8,115.15,116.7,117.3,1404188,1656.95
08/25/15,42241,116.1,119.4,108.55,117.75,117.55,5056575,5810.86
08/24/15,42240,128.9,128.9,112.5,115.5,114.85,3763375,4533.74
08/21/15,42237,131.5,132.2,127,130,130.4,1043785,1359.79
08/20/15,42236,133.3,135,131.75,132.5,132.9,1354813,1801.53
08/19/15,42235,134.5,134.8,131.5,132.75,133.8,1504926,2003.37
08/18/15,42234,134.2,136.4,132.55,134.35,134.15,2189190,2943.2
08/17/15,42233,132.5,132.9,130.7,131.3,131,798673,1050.35
08/14/15,42230,131.2,133.7,129.75,132.2,132.1,1714304,2261.48
08/13/15,42229,134.5,134.75,129.4,130.1,130,1074691,1418.21
08/12/15,42228,137.7,137.7,132.1,132.8,133.05,1197225,1614.87
08/11/15,42227,139.2,140.8,136.2,136.8,137.7,1269206,1750.14
08/10/15,42226,142,142.65,138.25,138.85,138.95,1248444,1752.87
08/07/15,42223,142.95,145,141.6,141.75,141.95,992867,1417.95
08/06/15,42222,142,147.3,141,143.5,143.75,3835649,5520.4
08/05/15,42221,144.2,144.65,141.8,142.2,142.15,1550830,2216.78
08/04/15,42220,143.4,144.75,141,143.05,143.3,2117898,3027.33
08/03/15,42219,141.4,143.85,140.25,140.8,140.85,1673236,2374.57
07/31/15,42216,136,142.8,135.35,140,140.2,2328615,3262.18
07/30/15,42215,137.7,137.7,135.5,137.15,137.15,1848759,2523.61
07/29/15,42214,138.15,138.9,137.25,138.75,138.65,1150281,1589.08
07/28/15,42213,137.8,138.5,136.15,137.25,137.45,1294926,1779.17
07/27/15,42212,140.6,140.6,136.75,137.3,137.55,1245996,1720.29
07/24/15,42209,140.85,142.3,140.1,140.25,140.8,1542474,2176.94
07/23/15,42208,139.95,142.2,139.4,140.85,140.85,2009103,2839.13
07/22/15,42207,137,140,134.5,139.5,139.5,1310150,1823.96
07/21/15,42206,140.1,141.9,136.9,137.25,137.5,1965237,2742.65
07/20/15,42205,138.2,142.55,138.2,141.45,141.75,2394358,3378.35
07/17/15,42202,138.9,140,137.25,138.75,139,2108950,2921.63
07/16/15,42201,138.95,138.95,136.6,138.05,138,804974,1109.54
07/15/15,42200,137.5,139.5,136.6,138.5,138.15,1530200,2113.74
07/14/15,42199,137,138.2,135.75,137.1,137.05,1974367,2707.3
07/13/15,42198,134.9,137.8,134.25,136.8,136.8,1720786,2348.59
07/10/15,42195,134.8,135.6,133.8,134.7,134.55,1590741,2140.22
07/09/15,42194,134.9,135.7,133.2,134.45,133.95,1049069,1413.1
07/08/15,42193,136.1,138,134.2,134.65,134.9,1608817,2183.57
07/07/15,42192,135.6,141.65,135.1,138.05,138.2,3133999,4355.13
07/06/15,42191,133.1,135.6,132.2,134.9,135,1260314,1687.12
07/03/15,42188,137.5,138.6,135.25,135.8,136.1,1032972,1412.33
07/02/15,42187,135.45,138.05,135.1,136.9,137.1,1826569,2501
07/01/15,42186,132.5,136.1,131.3,134.95,135.55,2667661,3586.44
06/30/15,42185,129.75,132.75,129.15,132,132.2,4332991,5696.62
06/29/15,42184,132,132,128.2,129.6,129.55,1397938,1809.6
06/26/15,42181,133.2,135,132.3,133.55,133.85,928889,1240.8
06/25/15,42180,132.9,136.4,132.6,136,135.7,2736280,3687.65
06/24/15,42179,133.35,135.25,132.5,133,133.2,1696146,2271.11
06/23/15,42178,135.6,135.9,133,134,133.85,2115793,2837.31
06/22/15,42177,133.75,136.45,133.7,134.9,135,1019044,1377.75
06/19/15,42174,133.2,136.2,132.65,134.05,133.75,1278156,1720.83
06/18/15,42173,132.95,133.9,132.3,133.2,132.6,970883,1292.67
06/17/15,42172,129.3,134.15,128.85,132.15,132.35,2239733,2962.18
06/16/15,42171,128.95,129.5,126.8,129.15,128.7,1341209,1716.65
06/15/15,42170,127.85,130.9,127.1,128.5,129.1,1933262,2490.3
06/12/15,42167,133.6,134.45,125.7,127.9,128.15,2641286,3422.1
06/11/15,42166,137,137.75,133.6,133.9,134.4,1586596,2149.62
06/10/15,42165,137.6,138.7,136,136.4,136.6,799419,1095.41
06/09/15,42164,135,138.9,134,137.2,137.55,877704,1200.24
06/08/15,42163,138.8,138.8,134,134.9,134.85,1937914,2617.89
06/05/15,42160,137.9,139.7,136.85,138.2,138.5,756591,1047.42
06/04/15,42159,137.65,138.6,136,138.05,137.75,2132044,2926.25
06/03/15,42158,140.6,141.2,136.5,137,137.35,2271136,3142.58
06/02/15,42157,145,145.75,140,140.05,140.8,2077218,2965.56
06/01/15,42156,145.3,146.4,144.8,145.05,145.15,569531,827.64
05/29/15,42153,143.05,146.65,143.05,146.1,146.25,1343454,1949.39
05/28/15,42152,149.4,150.3,143,144.6,144.9,5132085,7496.33
05/27/15,42151,147.4,150,147.4,148.95,148.7,909189,1353.39
05/26/15,42150,146.8,149.7,146.8,148.5,148.8,1118631,1662.47
05/25/15,42149,147.5,149.45,146.75,146.75,147.45,872187,1292.69
05/22/15,42146,147,149.15,146.55,147.8,147.95,1010894,1497.68
05/21/15,42145,146.15,147.5,145.05,146.85,146.65,702795,1028.35
05/20/15,42144,147.45,148.75,144.55,146.05,145.95,1648427,2418.83
05/19/15,42143,147.8,149.25,146.8,147.45,147.55,1138811,1688.58
05/18/15,42142,147.75,150.45,147.65,147.95,147.95,1497623,2226.75
05/15/15,42139,146.85,148.5,145.45,146.1,147.4,2232739,3278.78
05/14/15,42138,145.05,146.9,143.65,146.45,146.3,1373721,2005.47
05/13/15,42137,143.15,145.9,143.05,144.25,144.55,2227212,3217.77
05/12/15,42136,143.3,145.5,139.4,142.65,142.85,3019872,4303.91
05/11/15,42135,141.4,143.9,140.55,143.1,143.35,2341680,3334.45
05/08/15,42132,139,141.85,138.3,140.95,141.05,1572681,2211.64
05/07/15,42131,139,140.45,136.6,137.65,137.75,2366296,3275.22
05/06/15,42130,144.25,144.95,138.75,139.9,139.8,2281538,3207.9
05/05/15,42129,143.85,145.9,143.5,144.6,144.55,1785800,2584.34
05/04/15,42128,143.4,144.9,142.55,143.45,143.55,1103984,1584.73
04/30/15,42124,142.25,143.15,140.4,142.8,142.1,2456804,3487.14
04/29/15,42123,142.25,143.35,141.5,142.4,142.55,1836583,2617.78
04/28/15,42122,141.6,144.15,141,141.9,141.95,3701269,5266.83
04/27/15,42121,147.65,148.15,141.4,141.8,142.15,3007045,4300.52
04/24/15,42118,150.65,150.65,146.2,146.7,147.25,1179218,1748.12
04/23/15,42117,151,152.5,149.9,150,150.2,2312755,3494.39
04/22/15,42116,150.9,151.75,145.85,148.85,149.65,2719219,4056.15
04/21/15,42115,152.9,154.65,149.65,150.2,150.2,3096387,4690.1
04/20/15,42114,157.3,157.75,151.2,152.9,153.25,1753170,2696.67
04/17/15,42111,159.25,161.2,157,157.25,157.55,1223180,1947.21
04/16/15,42110,158.9,160.25,156.05,159.35,159.3,1373494,2177.09
04/15/15,42109,161.45,163.5,157.85,158.65,158.95,4215595,6782.77
04/13/15,42107,161.65,162.75,158.6,160.55,161.5,3122578,5017.83
04/10/15,42104,152.7,162.5,152.05,160.9,161.2,6349564,10128.78
04/09/15,42103,152.35,153,151,151.95,152.05,852909,1296.8
04/08/15,42102,151.8,153.7,150.8,151.9,151.6,1142129,1737.96
04/07/15,42101,152.4,152.4,149.9,151.25,151.1,1810409,2737.89
04/06/15,42100,151.95,152.1,149.8,152.1,151.45,843471,1273.34
04/01/15,42095,148.8,151.95,148.8,151,151.1,575050,867.44
03/31/15,42094,150.25,151.2,148.3,148.85,148.8,1383972,2073.89
03/30/15,42093,147.1,150.25,146.55,150.25,149.75,818899,1214.3
03/27/15,42090,148.45,149.2,142.7,145.75,145.75,2099157,3052.8
03/26/15,42089,148.05,149.55,146.5,147.25,147.3,2029247,3012.11
03/25/15,42088,148,149.4,147.75,149,149,1566031,2326.57
03/24/15,42087,147.35,148.95,146.2,148.5,147.95,1328198,1961.73
03/23/15,42086,149.8,150.55,146.9,147,147.2,1229406,1821.99
03/20/15,42083,153.75,153.75,149,149.75,149.95,1834524,2762.52
03/19/15,42082,156.65,157.35,152.7,153.1,153.85,1776564,2744.14
03/18/15,42081,156.9,158.25,155.4,155.8,155.85,1268390,1989.44
03/17/15,42080,155.25,157.3,155.25,156.5,156.7,1416285,2211.87
03/16/15,42079,154.95,155.65,152.85,155,154.75,1343251,2069.88
03/13/15,42076,160.95,161.1,153.55,155.25,154.85,2248388,3513.26
03/12/15,42075,158.5,161.4,157.85,160.2,160,2130596,3406.94
03/11/15,42074,157.35,159.5,156.7,157.5,157.85,1773712,2802.86
03/10/15,42073,159.65,161,155.8,157.75,157.25,1354766,2151.99
03/09/15,42072,159.05,162.85,157.25,158.8,159.05,2281047,3668.1
03/05/15,42068,157.9,161.4,156.1,159.35,159.3,1419036,2253.68
03/04/15,42067,164,164.35,157,157.2,158.35,2204041,3543.11
03/03/15,42066,158.5,164.9,157.15,163.2,163.55,4314580,6991.32
03/02/15,42065,155.5,158.9,155,158.5,158.35,1211587,1902.4
02/28/15,42063,156.75,157,152.8,155.3,154.9,816168,1263.62
02/27/15,42062,153.4,156.55,153.15,156.45,156.05,1540677,2393.9
02/26/15,42061,153.9,154.5,151.9,153.5,152.55,2960597,4531.01
02/25/15,42060,155.55,156.25,153.1,153.9,153.5,1546220,2388.09
02/24/15,42059,156,157.3,153.6,154.9,155.55,1404899,2178.49
02/23/15,42058,160.95,161.5,155.3,155.5,155.95,1614558,2559.44
02/20/15,42055,157.75,162.25,156.6,159.8,159.7,2886605,4624.45
02/19/15,42054,157.4,158.5,154.45,157.25,157,1377032,2161.16
02/18/15,42053,155.5,158,155.05,156.6,156.85,1122120,1762.78
02/16/15,42051,157.85,157.95,154.75,155.3,155.15,696970,1087.98
02/13/15,42048,155.65,158.95,154.85,157.3,157.4,1565871,2463.48
02/12/15,42047,154.95,156.8,153.2,155.5,155.2,1727098,2675.02
02/11/15,42046,151.2,154.7,151.2,154.65,154.35,1131718,1735.14
02/10/15,42045,148.9,153.15,148,151.8,151.55,1719968,2596.83
02/09/15,42044,151.5,152.9,148.7,149.35,149.55,1470539,2209.3
02/06/15,42041,154.4,154.7,151.55,153,152.4,1392578,2126.97
02/05/15,42040,159.25,159.8,153.5,154.2,154.75,2403931,3759.09
02/04/15,42039,160.7,163.1,157.65,158.4,158.55,1567779,2516.83
02/03/15,42038,164,164.5,159.2,160,160.45,1927234,3110.99
02/02/15,42037,157.9,167.75,157.75,163.45,163.6,5423705,8901.67
01/30/15,42034,158.95,162.4,154.05,159.75,158.7,4094370,6490.15
01/29/15,42033,158.95,160.75,157.3,157.9,158.25,2823390,4476.22
01/28/15,42032,158.8,159.9,157.65,158.45,158.75,1819031,2885.37
01/27/15,42031,161,162,158.6,159.3,159.4,1634586,2614.45
01/23/15,42027,159.15,162.15,156.9,160.5,161.15,2437301,3892.41
01/22/15,42026,157.1,160.6,157.1,159.05,158.85,2326838,3695.01
01/21/15,42025,157.4,159.4,156.65,158,158,2696995,4264.27
01/20/15,42024,156.8,157.45,155.6,156.8,156.35,1211357,1895.53
01/19/15,42023,154.3,157.8,154.3,156.4,156.55,1000172,1563.52
01/16/15,42020,155,155.75,153.75,154.75,154.3,1299810,2007.98
01/15/15,42019,156.6,157.6,154.05,155.15,155.65,1183917,1848.1
01/14/15,42018,155.05,157,153.8,154.85,154.85,1383172,2140.11
01/13/15,42017,157.55,157.9,154.2,155.4,155.25,1558189,2417.14
01/12/15,42016,156.35,158.7,155.2,156.85,157.35,1647105,2590.49
01/09/15,42013,154.5,157.7,153.3,155.1,155.6,4013444,6224.83
01/08/15,42012,149.9,154.5,149.5,154,153.7,2292977,3501.39
01/07/15,42011,147.2,149.2,146,148.55,148.45,2770541,4090.99
01/06/15,42010,151.95,151.95,147,148.55,148.15,2390258,3565.59
01/05/15,42009,151.65,154.5,151.65,153.15,152.95,1873161,2866.56
01/02/15,42006,150.9,153.2,150.55,153,152.5,2043127,3114.04
01/01/15,42005,150.95,151.75,150.35,150.5,150.7,535692,809.15
12/31/14,42004,148.8,151.85,148.65,150.8,150.95,1347935,2033.66
12/30/14,42003,148.8,149.6,148.1,149,149.05,747441,1113.03
12/29/14,42002,147.15,149.9,147.15,148.6,148.65,913003,1355.87
12/26/14,41999,147.15,148,145.6,146.6,146.85,999836,1464.89
12/24/14,41997,148.95,149.9,146.1,146.95,146.9,6940283,10234.09
12/23/14,41996,147.8,149.05,146.75,148.7,148.3,1396448,2066.45
12/22/14,41995,147.55,148.25,145.6,147.7,147.5,1657451,2437.44
12/19/14,41992,148.5,149.7,146.55,147.35,147.4,1456641,2155.17
12/18/14,41991,146.45,149,146.35,147.6,147.5,1538715,2274.32
12/17/14,41990,144.3,145.85,137.05,145.25,145,4975475,7111.7
12/16/14,41989,150.7,152.2,143.3,144.55,144.25,2871674,4237.13
12/15/14,41988,152.1,154.2,151.4,151.5,151.6,1510454,2301.64
12/12/14,41985,155.2,157,152.5,152.8,152.95,1376256,2134.25
12/11/14,41984,156,157.2,154.4,155.35,155.65,1006074,1568.11
12/10/14,41983,154,157.4,154,156.05,156,1102295,1720.32
12/09/14,41982,158.75,158.85,154.1,154.7,154.85,1339740,2092.18
12/08/14,41981,160.95,161.45,157.7,158.15,158.3,1580445,2519.47
12/05/14,41978,163.5,164.8,160.65,160.65,161.1,1451138,2363.59
12/04/14,41977,163.7,164.2,161.4,163.15,163.4,1691661,2754.59
12/03/14,41976,164.9,165.9,162.75,162.95,163.25,2826458,4640.58
12/02/14,41975,159.7,164.25,157.2,164,163.35,3473392,5601.51
12/01/14,41974,161.85,162.9,159.25,159.6,159.55,1893457,3041.02
11/28/14,41971,162.25,163.9,159.65,161.2,161.3,3713876,6004.17
11/27/14,41970,159.5,162.4,155.7,161.7,161,7062154,11306.09
11/26/14,41969,154.05,155.8,153.25,154.9,155.3,1634296,2529.82
11/25/14,41968,157.2,157.55,152.5,154.2,154.2,1704935,2627.56
11/24/14,41967,157,158.3,155.75,156.6,156.95,1832296,2872.28
11/21/14,41964,157.2,158.9,156.1,156.75,156.75,1541039,2423.46
11/20/14,41963,157.1,158.1,154.6,156.95,156.95,1670273,2614.65
11/19/14,41962,160.2,163.35,157.25,157.55,157.85,3713745,5966.47
11/18/14,41961,160.5,161.35,158.6,159.45,159.4,1709932,2730.7
11/17/14,41960,154.35,161.9,154.35,159.95,159.9,4643861,7408.49
11/14/14,41957,154.95,156.15,153.65,155.25,155.25,2634731,4078.76
11/13/14,41956,156.7,156.95,154,154.25,154.2,2038270,3157.95
11/12/14,41955,158.85,158.85,155.3,155.5,155.85,1887415,2959.17
11/11/14,41954,158.7,159.65,157.4,158,158.25,1662143,2634.39
11/10/14,41953,161.05,162.6,157.25,157.65,157.75,1570697,2497.12
11/07/14,41950,157.9,161.5,157,160.75,160.9,2600609,4160.75
11/05/14,41948,164.8,165,160.45,161.35,161.65,2428509,3948.85
11/03/14,41946,161,164.2,160.1,163.3,163.75,2713036,4416.86
10/31/14,41943,158.9,161.2,158.05,160.15,160.1,4750346,7604.24
10/30/14,41942,157.15,158.95,156.9,157.25,157.45,4589900,7236.35
10/29/14,41941,157,158.25,156.6,157.4,157.3,1079352,1700.6
10/28/14,41940,156.75,157.55,156.05,156.35,156.35,1153614,1806.42
10/27/14,41939,159.25,159.25,155.95,156.45,156.3,1019575,1603.41
10/23/14,41935,157.6,159,157.1,158.15,158.35,526665,833.42
10/22/14,41934,156.8,157.5,155.5,156.3,156.5,2010555,3147.75
10/21/14,41933,154.1,156.35,153.4,155.75,155.55,2584790,4011.2
10/20/14,41932,154.55,155.65,153.35,155,154.7,2073712,3207.19
10/17/14,41929,152.75,153.9,150.8,153.25,153.35,3946921,6023.07
10/16/14,41928,156.05,158.25,151.05,152.35,152.35,2254205,3500.78
10/14/14,41926,158.4,159.3,156,156,156.4,1967222,3097.04
10/13/14,41925,159.6,160,157.05,157.4,157.5,2022489,3195.34
10/10/14,41922,160.65,163.9,158.7,159.85,160.25,3624666,5845.16
10/09/14,41921,160.45,163.35,160.45,161.15,161.25,3216539,5202.87
10/08/14,41920,158,161,157.75,160.1,160.25,1524087,2437.49
10/07/14,41919,158.25,161.65,158,159.3,158.8,2284463,3656.4
10/01/14,41913,160,162,158.4,158.7,158.85,1198264,1915.37
09/30/14,41912,159.1,162.4,157.6,159.4,159.35,1917772,3068.51
09/29/14,41911,160,161.9,158.3,159,159,2096263,3353.22
09/26/14,41908,159,161.95,154.45,160.1,159.65,2924724,4637.96
09/25/14,41907,165.4,165.65,159.1,161.2,160.3,2973253,4790.09
09/24/14,41906,165.2,166.75,161.8,165,164.75,2219635,3644.9
09/23/14,41905,170.2,171.8,163.65,164.9,164.45,3086572,5186.1
09/22/14,41904,168,172,167.05,169.5,170.6,4342518,7371.9
09/19/14,41901,165.7,172.9,164.1,168.95,168.6,6277667,10619.19
09/18/14,41900,160.05,165.7,160.05,164.65,164.85,2243468,3674.2
09/17/14,41899,160.7,162.7,156.9,161.1,161.6,2748845,4396.31
09/16/14,41898,167.05,167.6,158,159.8,159.45,3786842,6123.67
09/15/14,41897,169,170.85,166.35,166.7,167.2,2733612,4600.91
09/12/14,41894,168,171.35,166.4,168.9,169.55,4325265,7303.7
09/11/14,41893,162.85,169.85,161,167.5,167.4,6185414,10330.87
09/10/14,41892,163.5,165,160.5,162.35,162.55,1964477,3201.93
09/09/14,41891,165.1,166.25,162.6,164.7,165.2,2016606,3317.68
09/08/14,41890,163.05,166.5,162.5,164.35,164.6,3403585,5606.74
09/05/14,41887,163.8,164.5,160.05,161.9,162.25,4436559,7205.7
09/04/14,41886,154,163.9,154,163.6,162.2,5685443,9057.72
09/03/14,41885,156.8,156.8,153.55,154.2,154.25,1808768,2799.1
09/02/14,41884,153,156.85,153,155.3,155.4,1903051,2958.67
09/01/14,41883,151.1,154.35,151.1,153.75,153.9,1611331,2468.07
08/28/14,41879,153.4,154,150,150.95,150.5,3046168,4605.77
08/27/14,41878,153.35,154.85,152.5,153.05,153.1,1030109,1584.33
08/26/14,41877,154.4,155.5,151.35,153,152.95,954442,1463.14
08/25/14,41876,155.5,157.8,155,155.5,155.45,1498748,2339.38
08/22/14,41873,158.5,158.5,155,156,155.45,1273200,1989.69
08/21/14,41872,158.5,160.4,156.2,157.45,157.1,1803100,2856.86
08/20/14,41871,156.55,159.5,156.25,158,158.5,3127760,4947.97
08/19/14,41870,155.35,157.7,154.9,156.1,156.5,1835749,2870.42
08/18/14,41869,152.2,155.35,151.55,154.2,154.4,1212265,1865.07
08/14/14,41865,152.65,152.9,150.75,152.2,152.1,1220808,1853.86
08/13/14,41864,153.1,154.3,150.3,150.75,151.15,1521138,2307.57
08/12/14,41863,151.5,154.8,151.5,154.65,154.45,1282122,1971.83
08/11/14,41862,150.7,153,150.7,151.9,151.9,1212104,1839.77
08/08/14,41859,152.7,152.9,149.55,150.2,150.65,2393314,3610.85
08/07/14,41858,153.6,155.1,152.65,154.05,154.15,1557133,2398.36
08/06/14,41857,153.65,156.5,153.5,153.65,153.8,1890055,2934.91
08/05/14,41856,154.1,155.6,152.5,154.9,154.9,1788911,2762.97
08/04/14,41855,155.05,155.9,153.75,155.9,155.5,1677773,2598.58
08/01/14,41852,152,156.85,151.75,154.7,154.3,2361557,3662.11
07/31/14,41851,152.8,155.15,152.5,153.75,153.5,4155508,6392.01
07/30/14,41850,155.95,155.95,152.45,152.8,152.9,2757448,4221.98
07/28/14,41848,152.5,156.2,152.05,154.6,155.2,2789011,4288.36
07/25/14,41845,156.2,157.4,152.55,152.9,153.5,3156927,4866.55
07/24/14,41844,156.7,157.9,155.95,156.9,156.55,2894662,4543.21
07/23/14,41843,159.5,159.7,155.7,156.95,156.8,3001729,4724.96
07/22/14,41842,159.5,161.4,156.7,158.55,158.7,2700600,4300.12
07/21/14,41841,161.5,162.45,158.75,159.05,159.2,1938059,3108.11
07/18/14,41838,159.85,163,157.7,160.5,160.65,4974108,7996.8
07/17/14,41837,157.25,161,156.25,160.2,160.35,2116223,3358.75
07/16/14,41836,153.75,157.7,153.2,157.5,157.2,2539258,3960.97
07/15/14,41835,152.35,154,151.5,153.9,153.75,1859780,2848.19
07/14/14,41834,148.85,153.2,148.5,152.3,151.8,2443696,3695.88
07/11/14,41831,154.8,156.3,149.15,149.5,149.8,3188567,4841.91
07/10/14,41830,155.45,161.35,149.25,154.8,155.45,3284116,5096.64
07/09/14,41829,158,159.6,152.75,155.2,154.95,3488714,5442.65
07/08/14,41828,167.65,167.65,157.75,158.05,158.7,3349829,5446.75
07/07/14,41827,168.1,169.6,166.65,167,167.05,2054919,3444.07
07/04/14,41824,168.1,171.2,166,168.1,167.85,4246788,7163.27
07/03/14,41823,175,175,168.35,169.25,169.2,5474004,9344.38
07/02/14,41822,176.25,176.8,173.1,173.95,174.35,3796609,6649.77
07/01/14,41821,173.35,176.6,171.5,175.2,174.8,5379012,9371.11
06/30/14,41820,172.45,175,172.05,172.5,172.75,5884830,10218.17
06/27/14,41817,168,172.95,168,170.8,171.1,5470675,9358.11
06/26/14,41816,169,169.65,165.6,167.5,167.8,5084653,8519.47
06/25/14,41815,166.3,170.75,166.3,168.95,169.5,4512185,7627.68
06/24/14,41814,167.45,169.5,165.5,167,167.3,4394262,7365.66
06/23/14,41813,166,171.2,164.8,167.65,167.95,8915917,15024.93
06/20/14,41810,162.6,165.4,161.85,162.25,162.35,2474896,4041.91
06/19/14,41809,164.6,165.35,161.3,162.3,162.9,2957708,4823.27
06/18/14,41808,167,169,162.1,163,163.55,3059834,5065.77
06/17/14,41807,166,167.95,163.7,167,167.05,2644231,4387.12
06/16/14,41806,162.3,166.7,161.6,166.6,166,4149164,6818.61
06/13/14,41803,170,173.95,161.15,163.3,163.7,6509643,10888.76
06/12/14,41802,168.4,171.5,165.65,168.9,168.65,4131952,6987.01
06/11/14,41801,175.8,176.1,165.05,168,169.35,7414725,12678.57
06/10/14,41800,171.65,177.15,166.1,174.25,174.85,11693055,20262.26
06/09/14,41799,173.85,175.45,170.1,171.3,171.2,8772925,15130.67
06/06/14,41796,157,176.8,155.2,170.75,171.1,17064363,28176.94
06/05/14,41795,154.3,154.8,151.15,154.4,154.05,2556595,3917.45
06/04/14,41794,150,154,150,152.95,153,4764627,7258.03
06/03/14,41793,148,151.85,147.75,150.2,150.3,3014557,4531.68
06/02/14,41792,149.4,149.9,146.6,147.5,147.5,3308467,4880.48
05/30/14,41789,150,151,145.35,148.95,149.1,4293795,6351.86
05/29/14,41788,154.5,154.5,148,148.65,148.9,5050078,7548.4
05/28/14,41787,157,158.2,154.75,156.55,156.25,1655825,2593.44
05/27/14,41786,157.3,157.8,153,156,156.4,1748577,2720.85
05/26/14,41785,158.5,163,152.75,156.45,156.45,5629757,9004.67
05/23/14,41782,156,158.45,155.1,157.4,157.55,3014828,4730.58
05/22/14,41781,154.5,157.4,153.4,155.75,155.55,3246095,5062.35
05/21/14,41780,155.6,155.6,151.55,153,153.1,2539045,3905.09
05/20/14,41779,152.95,154.85,151.05,153.35,153.45,3351574,5141.38
05/19/14,41778,146,151.6,145.25,150.6,150.7,4970218,7374.52
05/16/14,41775,146.35,147.5,143.25,144.95,144.75,3658879,5314.8
05/15/14,41774,148,148.05,143.85,144,144.2,2208007,3207.68
05/14/14,41773,147,148.5,145.4,147.15,147.3,1851834,2725.39
05/13/14,41772,145.5,149.7,145.5,146.7,146.4,2352331,3463.9
05/12/14,41771,145.8,146.7,144.15,144.65,144.55,1789879,2598.42
05/09/14,41768,142.1,145.95,142.1,145,145,1219063,1762.88
05/08/14,41767,145.05,145.55,142.1,142.25,142.45,1475651,2114.43
05/07/14,41766,145.05,146.4,144.15,144.7,144.6,979792,1424.64
05/06/14,41765,147.05,148.3,144.9,145.25,145.1,1231593,1800.54
05/05/14,41764,148.6,148.6,146.4,146.7,146.7,1058888,1560.97
05/02/14,41761,149.45,150.9,147.8,148.35,148.35,1207233,1796.36
04/30/14,41759,152.45,153.5,146.5,149.9,149.45,2460179,3708.75
04/29/14,41758,153,154.1,151,151.2,151.3,1294813,1973.43
04/28/14,41757,153,154.55,151.75,153.05,152.85,1452937,2217.95
04/25/14,41754,156.5,157,151.85,153,152.95,1867200,2878.25
04/23/14,41752,157.85,159.4,155.05,156,156.1,3277200,5157.88
04/22/14,41751,156.95,159.3,156.15,158.1,157.85,2243023,3541.28
04/21/14,41750,158.25,160,155.55,156.5,156.15,2939902,4642.58
04/17/14,41746,151,158.2,151,157.5,157.45,4644106,7195.4
04/16/14,41745,153.25,153.95,150,150.75,150.5,1148162,1740.82
04/15/14,41744,153.85,154.9,151.1,152.8,153.05,1464343,2245.4
04/11/14,41740,152.2,154,151.75,152.25,152.75,1788771,2734.32
04/10/14,41739,155.1,155.3,152.1,152.75,153.1,2017657,3102.94
04/09/14,41738,152.75,155.95,152.5,154.2,154.4,3183552,4917.5
04/07/14,41736,149.3,152.5,148.25,151.25,151.45,1476512,2224.22
04/04/14,41733,152,153.8,150.15,152.95,152.2,1970278,2998
04/03/14,41732,154,154.3,149.4,151.5,151.55,2346430,3557.03
04/02/14,41731,155,155.65,152.1,153.35,153.5,2596842,3983.2
04/01/14,41730,151.45,154.75,148.8,154.7,154.25,4863298,7412.34
03/31/14,41729,150,152.7,148.1,150.05,150.05,4143774,6228.57
03/28/14,41726,142.85,148.6,142.3,148.2,148,3912192,5700.15
03/27/14,41725,143,143.75,141.3,141.9,141.8,3147980,4474.49
03/26/14,41724,144,144.8,142.25,142.5,142.75,1763657,2526.9
03/25/14,41723,142.55,144,142.4,143,142.9,1214418,1736.63
03/24/14,41722,143.15,144.85,142.5,142.8,142.85,1239544,1776.32
03/22/14,41720,144.15,144.15,143.2,143.7,143.65,125170,179.78
03/21/14,41719,143,146,142.45,143.7,143.4,2771806,3999.94
03/20/14,41718,140.7,143.2,140.7,141.1,141.4,1578311,2243.74
03/19/14,41717,143.2,143.8,141.1,141.5,141.3,1982788,2815.35
03/18/14,41716,142.7,144.8,142.55,143.4,143.15,926631,1329.52
03/14/14,41712,142,143.4,141,142.4,142.7,1237254,1760.76
03/13/14,41711,146,146.9,141.9,142.45,142.55,1240884,1793.26
03/12/14,41710,146.05,147.5,145.15,145.6,145.65,2109508,3090.43
03/11/14,41709,143.8,146,143,146,145.15,2110986,3045.88
03/10/14,41708,143.9,145.1,142.25,143.4,143.8,2127241,3064.66
03/07/14,41705,143.5,144.35,141.3,143,143.3,2910251,4163.87
03/06/14,41704,141.5,143,140.15,142.95,142.55,3010530,4256.23
03/05/14,41703,141.45,142.25,139.45,140.85,140.9,2317544,3259.93
03/04/14,41702,136.8,141.15,135.9,141.05,140.4,2995506,4182.18
03/03/14,41701,139.95,141,135.25,135.75,135.95,2979960,4105.11
02/28/14,41698,140.15,142.15,139.15,139.85,139.7,1852558,2600.32
02/26/14,41696,141.7,141.9,139.1,140.4,139.8,1868445,2619.52
02/25/14,41695,143.2,143.55,141,141.1,141.2,1034913,1469.54
02/24/14,41694,142.75,143,141.8,142.9,142.7,613301,873.85
02/21/14,41691,141.25,143,141.2,142,142,1204144,1711.81
02/20/14,41690,139.35,141.95,139.15,141.25,141.1,784045,1105.59
02/19/14,41689,140.35,141.75,139.6,140.25,140.35,882447,1241.11
02/18/14,41688,139.1,140.95,138.35,140.25,140.2,1294179,1811.73
02/17/14,41687,140.55,141.35,137.7,138.9,138.9,1078151,1500
02/14/14,41684,141.55,142.4,139.1,140.9,140.55,1060283,1490.75
02/13/14,41683,144,144.85,141.15,141.5,141.75,1390278,1979.3
02/12/14,41682,145.3,145.9,143.5,144.05,144.05,1486914,2145.07
02/11/14,41681,144.2,145.85,143.05,144.65,144.85,1465761,2119.11
02/10/14,41680,144.35,144.5,142.7,143.5,143.6,1411856,2030.88
02/07/14,41677,142.45,144.5,141.8,143.7,143.35,2053488,2944.82
02/06/14,41676,144.3,144.3,140.15,141.35,141.15,2905219,4119.2
02/05/14,41675,143.15,144.85,142.55,143.1,143.05,1418289,2041.25
02/04/14,41674,141.2,143.7,138.5,143.4,143.15,2866989,4052.98
02/03/14,41673,140.85,142.95,140,140.5,140.7,2140205,3023.42
01/31/14,41670,141.35,143,139.65,140.5,141,2555790,3603.27
01/30/14,41669,141.8,144.75,139.7,141.1,140.45,4943283,7005.22
01/29/14,41668,140,144.4,139.6,141.8,142.15,2441955,3477.95
01/28/14,41667,140.9,143,138.4,139,138.95,2281455,3211.22
01/27/14,41666,143,144.9,140.3,141.25,141.35,1798083,2557.45
01/24/14,41663,147.25,147.85,143.65,144.5,144.25,2015494,2929.81
01/23/14,41662,149.05,150.35,147.5,148.1,148.2,1191923,1769.79
01/22/14,41661,148.35,152.2,148.1,149.6,149.85,4586839,6885.96
01/21/14,41660,148.5,150.1,147.55,147.8,147.85,1992324,2959.65
01/20/14,41659,146.25,149.3,146.25,148.35,148.3,2549468,3774.17
01/17/14,41656,149.5,150.25,145.8,146.5,146.2,1884689,2784.42
01/16/14,41655,152.25,152.9,148.5,149,149.05,2142240,3209.54
01/15/14,41654,152.85,152.85,150.4,152,152.05,1117786,1695.44
01/14/14,41653,153.05,154.5,150.3,151.9,152.05,2175698,3309.89
01/13/14,41652,156.1,156.8,151.9,153.55,152.9,2340369,3600.63
01/10/14,41649,158.05,159.95,154.75,155.55,155.95,2520546,3988.81
01/09/14,41648,157.4,158.5,156.15,157.1,157.25,1740722,2738.72
01/08/14,41647,157.1,159.3,156,157.2,157.1,2122772,3343.22
01/07/14,41646,157,158.2,155.2,156.5,156.5,1244854,1950.31
01/06/14,41645,156.95,158.6,155.1,157.15,156.8,1538685,2411.31
01/03/14,41642,154.45,157,153.65,156.75,156.35,1816178,2819.87
01/02/14,41641,160.5,161.75,153.75,154.6,154.95,2116255,3351.03
01/01/14,41640,160.85,162.65,159.9,160.35,160.5,1958707,3160.15
12/31/13,41639,159.5,161.5,158.15,160,160.45,2258565,3620.28
12/30/13,41638,158.55,160.9,155.25,159.45,159.8,3188036,5054.86
12/27/13,41635,160.8,162.85,156.35,158.3,158.05,3624182,5797.01
12/26/13,41634,159,166.1,158,162.1,161.05,10232143,16618.38
12/24/13,41632,155.4,157.65,153.65,156.9,157.25,2997231,4683.08
12/23/13,41631,154.5,156.5,153.35,154.1,154.7,3101414,4817.62
12/20/13,41628,147.2,153.85,146.6,152.85,153.1,5456617,8298.94
12/19/13,41627,148.55,149.4,145.9,147.3,147.5,1833784,2704.13
12/18/13,41626,145.3,148.75,145.25,147.85,148.2,1672571,2462.36
12/17/13,41625,144.1,147.1,144.1,144.5,144.75,1678569,2443.6
12/16/13,41624,145.25,145.5,142.2,143.45,143.45,1279705,1834.35
12/13/13,41621,146,147.5,145,145.3,145.15,1102791,1608.29
12/12/13,41620,146.8,148.45,146.2,146.55,146.75,1185509,1745.97
12/11/13,41619,147.95,147.95,146.25,147.2,147,1285575,1889.48
12/10/13,41618,146.75,149,146.7,147.6,147.45,1821331,2689.55
12/09/13,41617,149.1,149.1,145.3,146.65,146.7,2508890,3674.98
12/06/13,41614,146.8,147.75,145.8,146.15,146.2,1385102,2029.35
12/05/13,41613,147.6,148.7,146.05,146.6,146.65,1565641,2304.46
12/04/13,41612,146.5,148.4,145.1,145.9,145.55,1547460,2267.72
12/03/13,41611,149,149.3,146.25,146.7,146.8,2227417,3286.14
12/02/13,41610,149.2,150.9,149,149.25,149.3,2063513,3091.19
11/29/13,41607,148,150.1,147.55,148.75,148.9,2020588,3005.77
11/28/13,41606,145,148.35,145,148.2,147.65,3615167,5318.02
11/27/13,41605,146.3,147.6,144,144.75,145.05,1855005,2699.14
11/26/13,41604,142,146.8,141.6,145.8,145.5,2505101,3641.28
11/25/13,41603,142.55,143.75,140.8,142.5,142.4,2305892,3285.91
11/22/13,41600,144.35,145.2,141.1,142.35,141.8,2315264,3306.1
11/21/13,41599,145.1,146.8,143.1,144.1,143.65,2997918,4355.49
11/20/13,41598,146.25,147.8,144.75,145.8,145.35,2756146,4034.8
11/19/13,41597,149,149.2,144.05,145,144.55,3835593,5596.79
11/18/13,41596,142.5,148.35,142.5,147.5,147.7,5738832,8407.83
11/14/13,41592,146.05,146.9,142.8,144.4,143.95,4246087,6161.68
11/13/13,41591,155,155,141.1,144.9,144.3,11917625,17299.48
11/12/13,41590,157.1,159.65,153.1,155.25,154.55,1842456,2891.59
11/11/13,41589,160.4,161.25,155.1,156.75,156.55,1954941,3059.76
11/08/13,41586,160.2,163,157.8,160.2,160.1,1175152,1883.24
11/07/13,41585,164.4,167.9,159.05,161.5,160.35,2358582,3874.98
11/06/13,41584,167.7,168.95,163.1,163.7,163.55,2080746,3437.64
11/05/13,41583,168.5,169.8,165.9,167.8,167.6,1762917,2960.86
11/03/13,41581,168,170,167.25,169.5,169.5,512878,868.66
11/01/13,41579,164,169.9,161.55,168.3,167.7,3726470,6227.17
10/31/13,41578,165,167.1,163.1,164.1,164,3033400,4991.85
10/30/13,41577,163,166,162.65,165.3,165,1918758,3158.04
10/29/13,41576,163.3,164.2,160.25,162.25,162.4,2067392,3350.14
10/28/13,41575,164,166.25,162.3,163.1,163.25,1058274,1733.67
10/25/13,41572,166.2,168.4,163.05,163.45,163.85,4412267,7337.93
10/24/13,41571,159,166.4,158,165.75,165.45,4943284,8096.77
10/23/13,41570,162.1,162.6,157,158.9,158.75,1228667,1950.57
10/22/13,41569,160.4,162.8,159.9,162.25,161.85,1598301,2583.68
10/21/13,41568,164.5,165.35,159,159.8,159.6,3257249,5252.89
10/18/13,41565,163.2,165,162.25,164,164.2,2540836,4163.49
10/17/13,41564,159.1,162.9,158.25,161.75,162,2724697,4381.6
10/15/13,41562,160,160.2,155.35,157.1,158.05,1145582,1805.49
10/14/13,41561,160.85,161.45,157.7,159.3,159.45,1281419,2039.09
10/11/13,41558,161.15,163.45,159,159.8,160.05,1880046,3030.76
10/10/13,41557,156,160.8,155.85,160.3,160.15,3124853,4978.8
10/09/13,41556,155.7,158.2,154.15,155.3,155.55,2049580,3204.49
10/08/13,41555,157,157.8,155.2,155.8,155.8,1720413,2688.94
